File,Label,Reference,Date,Week,Year,Location,Microcystin,DOC,TKP,TKN,NH3,Nox,NO2,Cl,pH,rRNA_16S,Microcystis,Aanabaena,Planktothrix
IDNR19_01_006,1-21280001,21280001,5/21/2019,1,2019,Backbone Beach,0.52,2.259,1.285,0.174,2.635,8.3,0.046,17.412,8.3,,,,
IDNR19_02_006,2-21280001,21280001,5/28/2019,2,2019,Backbone Beach,0.12,2.138,1.077,0.229,1.655,9.298,0.037,16.24,7.73,,,,
IDNR19_03_006,3-21280001,21280001,6/4/2019,3,2019,Backbone Beach,0,1.671,6.276,0.443,0.526,10.917,0.036,16.387,8.31,,,,
IDNR19_04_006,4-21280001,21280001,6/11/2019,4,2019,Backbone Beach,0.018,2.733,0.779,1.099,0.083,7.194,0.046,16.049,7.92,,,,
IDNR19_05_006,5-21280001,21280001,6/18/2019,5,2019,Backbone Beach,0,2.562,0.106,0.127,0.021,6.881,0.046,15.382,8.18,,,,
IDNR19_06_006,6-21280001,21280001,6/25/2019,6,2019,Backbone Beach,0,3.899,0.473,0.18,0.082,4.764,0.058,16.994,7.7,19465142,0,0,0
IDNR19_07_006,7-21280001,21280001,7/1/2019,7,2019,Backbone Beach,0,4.689,0.023,0.282,0.118,7.227,0.057,16.738,7.81,4278451,0,0,0
IDNR19_08_006,8-21280001,21280001,7/9/2019,8,2019,Backbone Beach,0.23,3.886,0.056,0.346,0.056,5.148,0.04,16.352,8.13,610231,610231,0,0
IDNR19_09_006,9-21280001,21280001,7/16/2019,9,2019,Backbone Beach,0.743,3.824,-0.005,0.365,0.026,5.064,0.04,14.867,8.19,5582701,0,0,0
IDNR19_10_006,10-21280001,21280001,7/23/2019,10,2019,Backbone Beach,0.038,2.248,0.287,0.858,0.088,3.824,0.053,15.754,8.06,10103848,0,0,0
IDNR19_11_006,11-21280001,21280001,7/30/2019,11,2019,Backbone Beach,0.105,4.07,0.199,1.178,0.062,2.648,0.065,13.677,8.03,2804881,0,0,0
IDNR19_12_006,12-21280001,21280001,8/6/2019,12,2019,Backbone Beach,0.343,3.831,0.043,0.781,0.037,4.709,0.058,13.878,8.19,11888872,0,0,0
IDNR19_13_006,13-21280001,21280001,8/13/2019,13,2019,Backbone Beach,0,3.075,0.058,1.593,0.025,1.532,0.064,12.915,7.71,1256322,0,0,0
IDNR19_14_006,14-21280001,21280001,8/20/2019,14,2019,Backbone Beach,0.085,3.865,0.033,0.534,0.056,2.438,0.052,12.925,7.57,383472,0,0,0
IDNR19_15_006,15-21280001,21280001,8/27/2019,15,2019,Backbone Beach,0,1.958,-0.04,2.089,0.044,6.668,0.049,15.569,8.16,4152121,0,0,0
IDNR19_01_029,1-21350001,21350001,5/21/2019,1,2019,Beed's Lake Beach,0.005,2.486,1.43,0.342,2.233,8.975,0.034,14.583,8.32,,,,
IDNR19_02_029,2-21350001,21350001,5/28/2019,2,2019,Beed's Lake Beach,0.027,2.664,3.039,0.217,1.79,6.581,0.041,12.356,8.11,,,,
IDNR19_03_029,3-21350001,21350001,6/4/2019,3,2019,Beed's Lake Beach,0,2.673,1.042,0.352,0.112,9.016,0.029,12.745,7.78,,,,
IDNR19_04_029,4-21350001,21350001,6/11/2019,4,2019,Beed's Lake Beach,0.15,3.269,0.798,1.093,0.023,6.731,0.042,13.514,8.16,,,,
IDNR19_05_029,5-21350001,21350001,6/18/2019,5,2019,Beed's Lake Beach,0,3.317,0.072,0.405,0.05,2.468,0.052,12.235,8.28,,,,
IDNR19_06_029,6-21350001,21350001,6/25/2019,6,2019,Beed's Lake Beach,0,4.328,0.155,0.2,0.096,3.351,0.056,12.829,8.2,2425662,0,0,0
IDNR19_07_029,7-21350001,21350001,7/1/2019,7,2019,Beed's Lake Beach,0,4.198,-0.003,0.318,0.032,5.955,0.077,12.559,8.2,5709451,0,0,0
IDNR19_08_029,8-21350001,21350001,7/9/2019,8,2019,Beed's Lake Beach,0,4.914,0.013,0.613,0.165,6.826,0.098,12.748,7.96,322348,322348,0,0
IDNR19_09_029,9-21350001,21350001,7/16/2019,9,2019,Beed's Lake Beach,0.83,5.198,0.383,0.759,0.083,2.786,0.088,12.05,8.1,5932540,0,0,0
IDNR19_10_029,10-21350001,21350001,7/23/2019,10,2019,Beed's Lake Beach,0,5.482,0.453,2.212,0.103,2.297,0.137,13.099,8.07,18012340,0,0,0
IDNR19_11_029,11-21350001,21350001,7/30/2019,11,2019,Beed's Lake Beach,0.11,5.454,0.187,1.268,0.068,1.239,0.104,12.089,8.17,2422438,233737,0,0
IDNR19_12_029,12-21350001,21350001,8/6/2019,12,2019,Beed's Lake Beach,1.11,6.175,0.184,1.592,0.063,0.481,0.051,11.873,8.28,1309742,118964,0,0
IDNR19_13_029,13-21350001,21350001,8/13/2019,13,2019,Beed's Lake Beach,53.99,8.704,1.468,7.462,0.297,0.325,0.057,12.586,8.3,4182333,2642105,0,0
IDNR19_14_029,14-21350001,21350001,8/20/2019,14,2019,Beed's Lake Beach,1.455,3.884,0.76,3.152,0.007,1.434,0.02,11.789,8.31,1151816,0,0,0
IDNR19_15_029,15-21350001,21350001,8/27/2019,15,2019,Beed's Lake Beach,0.845,2.046,0.085,4.134,0.153,0.144,0.029,12.796,8.7,5649934,107730,0,0
IDNR19_01_034,1-21770001,21770001,5/21/2019,1,2019,Big Creek Beach,0.053,2.647,1.413,0.18,2.719,0,0.044,18.008,8.6,,,,
IDNR19_02_034,2-21770001,21770001,5/28/2019,2,2019,Big Creek Beach,0.112,2.482,1.175,0.318,1.973,3.504,0.049,13.529,8.07,,,,
IDNR19_03_034,3-21770001,21770001,6/4/2019,3,2019,Big Creek Beach,0,3.067,1.842,0.463,0.087,5.898,0.048,16.397,8.24,,,,
IDNR19_04_034,4-21770001,21770001,6/12/2019,4,2019,Big Creek Beach,0.135,3.167,1.167,1.118,0.07,5.021,0.066,16.664,8.45,,,,
IDNR19_05_034,5-21770001,21770001,6/19/2019,5,2019,Big Creek Beach,0,3.186,0.076,0.333,0.084,4.816,0.072,17.347,8.3,,,,
IDNR19_06_034,6-21770001,21770001,6/26/2019,6,2019,Big Creek Beach,0,5.504,0.115,0.242,0.07,2.483,0.08,17.213,8.25,6269031,0,0,0
IDNR19_07_034,7-21770001,21770001,7/2/2019,7,2019,Big Creek Beach,0,3.488,-0.039,0.204,0.028,3.713,0.073,17.938,8.29,802831,0,0,0
IDNR19_08_034,8-21770001,21770001,7/10/2019,8,2019,Big Creek Beach,0.078,4.946,-0.046,0.051,0.077,3.758,0.07,17.194,8.3,4412656,4412656,0,0
IDNR19_09_034,9-21770001,21770001,7/17/2019,9,2019,Big Creek Beach,1.505,3.421,-0.018,0.5,0.071,3.082,0.075,17.848,8.11,3089206,0,0,0
IDNR19_10_034,10-21770001,21770001,7/24/2019,10,2019,Big Creek Beach,0,5.112,0.146,0.902,0.052,4.072,0.088,17.45,8.32,9913856,0,0,0
IDNR19_11_034,11-21770001,21770001,7/31/2019,11,2019,Big Creek Beach,0.007,4.972,0.179,1.154,0.058,1.34,0.077,17.155,8.16,3287654,0,0,0
IDNR19_12_034,12-21770001,21770001,8/7/2019,12,2019,Big Creek Beach,0.477,4.97,0.072,0.947,0.05,3.679,0.075,18.07,8.22,2420430,0,0,0
IDNR19_13_034,13-21770001,21770001,8/14/2019,13,2019,Big Creek Beach,0.482,4.135,0.06,1.864,0.061,4.145,0.066,18.177,7.86,687845,0,0,0
IDNR19_14_034,14-21770001,21770001,8/21/2019,14,2019,Big Creek Beach,0,7.903,0.036,1.162,0.039,1.979,0.082,17.608,8.09,496034,0,0,0
IDNR19_15_034,15-21770001,21770001,8/28/2019,15,2019,Big Creek Beach,0.03,3.209,-0.504,0.947,0.084,2.592,0.07,20.531,7.98,1396781,0,0,0
IDNR19_01_014,1-21810002,21810002,5/21/2019,1,2019,Black Hawk Beach,0.408,4.668,8.95,0.361,2.332,0.369,0.013,16.798,8.25,,,,
IDNR19_02_014,2-21810002,21810002,5/28/2019,2,2019,Black Hawk Beach,0.08,3.717,4.116,0.102,2.037,0.2,0.02,17.575,8.31,,,,
IDNR19_03_014,3-21810002,21810002,6/4/2019,3,2019,Black Hawk Beach,0.345,4.327,1.276,0.502,0.166,0.906,0.035,18.742,8.7,,,,
IDNR19_04_014,4-21810002,21810002,6/11/2019,4,2019,Black Hawk Beach,0.928,4.208,0.749,1.041,0.051,0.773,0.773,16.863,8.5,,,,
IDNR19_05_014,5-21810002,21810002,6/18/2019,5,2019,Black Hawk Beach,0.072,4.526,0.052,0.866,0.114,0.836,0.042,16.145,8.48,,,,
IDNR19_06_014,6-21810002,21810002,6/25/2019,6,2019,Black Hawk Beach,1.362,5.778,0.254,0.259,0.103,0.094,0.014,16.645,8.5,6150054,924618,0,0
IDNR19_07_014,7-21810002,21810002,7/1/2019,7,2019,Black Hawk Beach,0.06,6.469,-0.013,0.472,0.042,0.016,0.013,16.686,8.53,4221320,349707,0,0
IDNR19_08_014,8-21810002,21810002,7/9/2019,8,2019,Black Hawk Beach,3.068,6.659,0.061,0.846,0.106,0.06,0.006,17.038,8.12,304849,304849,330251,0
IDNR19_09_014,9-21810002,21810002,7/16/2019,9,2019,Black Hawk Beach,3.365,6.651,0.102,1.18,0.037,0.004,0.012,17.542,8.49,6959318,469133,0,0
IDNR19_10_014,10-21810002,21810002,7/23/2019,10,2019,Black Hawk Beach,2.168,7.154,0.358,1.864,0.035,0.058,0.014,18.559,8.58,16109507,247194,0,0
IDNR19_11_014,11-21810002,21810002,7/30/2019,11,2019,Black Hawk Beach,0.055,6.783,0.254,2.795,0.026,0.042,0.018,18.782,8.4,4370615,58972,0,0
IDNR19_12_014,12-21810002,21810002,8/6/2019,12,2019,Black Hawk Beach,0.407,6.621,0.577,2.247,0.026,0.033,0.015,19.035,8.42,13022475,52452,0,0
IDNR19_13_014,13-21810002,21810002,8/13/2019,13,2019,Black Hawk Beach,1.3,7.821,0.183,2.114,0.029,0.023,0.014,18.272,8.66,8587546,0,0,0
IDNR19_14_014,14-21810002,21810002,8/20/2019,14,2019,Black Hawk Beach,0.117,5.29,0.23,1.827,-0.002,0.043,0.021,18.663,8.5,2362357,0,0,0
IDNR19_15_014,15-21810002,21810002,8/27/2019,15,2019,Black Hawk Beach,0.05,0.41,-0.255,2.155,0.053,0.063,0.019,19.804,8.56,6528645,0,0,0
IDNR19_01_019,1-21940001,21940001,5/21/2019,1,2019,Brushy Creek Beach,0.218,37.04,4.585,0.225,2.199,4.271,0.049,14.277,8.26,,,,
IDNR19_02_019,2-21940001,21940001,5/28/2019,2,2019,Brushy Creek Beach,0,3.257,2.077,0.217,2.221,5.416,0.047,14.316,7.54,,,,
IDNR19_03_019,3-21940001,21940001,6/4/2019,3,2019,Brushy Creek Beach,0,2.787,1.278,0.361,0.099,7.594,0.059,14.119,8.28,,,,
IDNR19_04_019,4-21940001,21940001,6/11/2019,4,2019,Brushy Creek Beach,0.257,3.658,0.851,1.25,0.042,5.957,0.058,26.483,8.4,,,,
IDNR19_05_019,5-21940001,21940001,6/18/2019,5,2019,Brushy Creek Beach,0,3.447,0.083,0.662,0.005,6.358,0.066,14.939,8.09,,,,
IDNR19_06_019,6-21940001,21940001,6/25/2019,6,2019,Brushy Creek Beach,0,35.27,-0.021,0.154,0.05,3.691,0.085,14.956,7.81,2345873,0,0,0
IDNR19_07_019,7-21940001,21940001,7/1/2019,7,2019,Brushy Creek Beach,0,31.04,-0.06,0.153,0.034,5.785,0.087,21.37,8.21,1836927,0,0,0
IDNR19_08_019,8-21940001,21940001,7/9/2019,8,2019,Brushy Creek Beach,0.218,35.049,0.063,0.485,0.064,5.19,0.077,14.714,7.71,593161,593161,0,0
IDNR19_09_019,9-21940001,21940001,7/16/2019,9,2019,Brushy Creek Beach,0.987,4.97,-0.062,0.308,0.044,6.576,0.081,14.253,8.08,2843628,0,0,0
IDNR19_10_019,10-21940001,21940001,7/23/2019,10,2019,Brushy Creek Beach,0.918,4.708,0.082,0.551,0.066,3.921,0.089,14.773,8.05,5281982,0,0,0
IDNR19_11_019,11-21940001,21940001,7/30/2019,11,2019,Brushy Creek Beach,0,4.038,0.186,0.94,0.048,2.039,0.09,14.871,7.9,1806124,0,0,0
IDNR19_12_019,12-21940001,21940001,8/6/2019,12,2019,Brushy Creek Beach,0.097,33.79,0.08,0.42,0.03,11.592,0.089,14.875,8.04,1100922,0,0,0
IDNR19_13_019,13-21940001,21940001,8/13/2019,13,2019,Brushy Creek Beach,0,37.06,0.01,0.738,0.04,2.654,0.086,14.969,7.97,96196,0,0,0
IDNR19_14_019,14-21940001,21940001,8/20/2019,14,2019,Brushy Creek Beach,0,5.459,-0.015,0.795,0.022,5.153,0.106,15.164,8.3,28454,0,0,0
IDNR19_15_019,15-21940001,21940001,8/27/2019,15,2019,Brushy Creek Beach,0.133,3.456,-0.483,0.616,0.095,6.088,0.107,15.97,7.95,1386848,0,0,0
IDNR19_01_021,1-21170001,21170001,5/21/2019,1,2019,Clear Lake Beach,0.595,5.311,3.757,0.287,2.361,0.093,0.002,12.907,8.33,,,,
IDNR19_02_021,2-21170001,21170001,5/28/2019,2,2019,Clear Lake Beach,0.17,4.252,2.439,0.12,1.765,-0.109,0.005,11.834,7.98,,,,
IDNR19_03_021,3-21170001,21170001,6/4/2019,3,2019,Clear Lake Beach,0.335,29.58,1.577,0.506,0.067,-0.018,0.003,12.645,8.08,,,,
IDNR19_04_021,4-21170001,21170001,6/11/2019,4,2019,Clear Lake Beach,0.278,7.782,0.789,1.115,0.038,0.081,0.002,11.951,8.16,,,,
IDNR19_05_021,5-21170001,21170001,6/18/2019,5,2019,Clear Lake Beach,0,7.34,0.076,0.839,0.031,0.226,0.006,12.018,8.38,,,,
IDNR19_06_021,6-21170001,21170001,6/25/2019,6,2019,Clear Lake Beach,0.305,7.644,0.15,0.305,0.033,0.023,0.003,12.629,8.5,2408578,129849,0,0
IDNR19_07_021,7-21170001,21170001,7/1/2019,7,2019,Clear Lake Beach,0.28,5.021,-0.031,0.31,0.055,3.852,0.156,13.279,8.7,4645818,122116,0,0
IDNR19_08_021,8-21170001,21170001,7/9/2019,8,2019,Clear Lake Beach,0.57,8.324,0.037,0.814,0.053,0.066,0.005,12.791,8.88,1118395,1118395,62257,0
IDNR19_09_021,9-21170001,21170001,7/16/2019,9,2019,Clear Lake Beach,1.35,18.02,0.007,0.707,0.036,0.005,0.005,11.973,8.14,11877768,129384,0,0
IDNR19_10_021,10-21170001,21170001,7/23/2019,10,2019,Clear Lake Beach,0.585,7.588,0.208,1.744,0.625,0.067,0.007,12.08,8.3,19539120,255652,0,0
IDNR19_11_021,11-21170001,21170001,7/30/2019,11,2019,Clear Lake Beach,0.62,8.348,0.028,1.656,0.019,0.045,0.008,12.123,8.45,2824770,182287,23810,0
IDNR19_12_021,12-21170001,21170001,8/6/2019,12,2019,Clear Lake Beach,2.155,8.78,0.077,1.62,0.016,0.031,0.006,12.786,8.38,5490906,89337,18928,0
IDNR19_13_021,13-21170001,21170001,8/13/2019,13,2019,Clear Lake Beach,11.398,10.21,0.034,2.404,0.023,0.021,0.006,12.339,8.3,1855922,0,0,0
IDNR19_14_021,14-21170001,21170001,8/20/2019,14,2019,Clear Lake Beach,3.487,7.654,0.154,1.622,0,0.471,0.008,12.822,8.37,1196959,0,9817,0
IDNR19_15_021,15-21170001,21170001,8/27/2019,15,2019,Clear Lake Beach,4.065,7.386,-0.404,1.722,0.049,0.059,0.011,13.713,8.2,4854188,325940,114933,0
IDNR19_01_028,1-21300005,21300005,5/22/2019,1,2019,Crandall's Beach,0.165,7.203,1.232,0.275,3.128,27.36,0.012,4.544,9.03,,,,
IDNR19_02_028,2-21300005,21300005,5/29/2019,2,2019,Crandall's Beach,0.087,3.592,1.163,0.199,1.931,0.027,0.008,13.164,8.3,,,,
IDNR19_03_028,3-21300005,21300005,6/5/2019,3,2019,Crandall's Beach,0.09,4.987,1.673,0.497,0.112,0.545,0.019,13.549,8.75,,,,
IDNR19_04_028,4-21300005,21300005,6/12/2019,4,2019,Crandall's Beach,0,5.254,1.124,1.487,0.033,0.291,0.008,13.885,8.6,,,,
IDNR19_05_028,5-21300005,21300005,6/19/2019,5,2019,Crandall's Beach,0,5.233,0.023,0.6,0.088,0.369,0.013,13.468,7.85,,,,
IDNR19_06_028,6-21300005,21300005,6/26/2019,6,2019,Crandall's Beach,0,6.789,-0.006,0.193,0.063,0.067,0.01,12.683,8.48,1566724,343971,0,0
IDNR19_07_028,7-21300005,21300005,7/2/2019,7,2019,Crandall's Beach,0,6.562,0.067,0.383,0.033,0.057,0.012,13.346,8.58,251999,0,0,0
IDNR19_08_028,8-21300005,21300005,7/10/2019,8,2019,Crandall's Beach,0.455,7.444,0.005,0.48,0.058,0.162,0.011,13.619,8.41,1943530,1943530,73037,0
IDNR19_09_028,9-21300005,21300005,7/17/2019,9,2019,Crandall's Beach,0.793,7.893,0.191,2.282,0.075,0.005,0.004,13.564,8.5,12313395,117012,0,0
IDNR19_10_028,10-21300005,21300005,7/24/2019,10,2019,Crandall's Beach,4.927,6.409,0.284,1.467,0.068,0.092,0.004,12.731,8.35,25103298,1726814,0,0
IDNR19_11_028,11-21300005,21300005,7/31/2019,11,2019,Crandall's Beach,1.908,7.609,0.389,16.908,0.038,0.062,0.004,13.241,8.2,6666420,1550029,0,0
IDNR19_12_028,12-21300005,21300005,8/7/2019,12,2019,Crandall's Beach,4.537,6.059,0.067,1.356,0.048,0.036,0.005,13.512,8.3,4696880,1041865,0,0
IDNR19_13_028,13-21300005,21300005,8/14/2019,13,2019,Crandall's Beach,5.005,6.596,0.134,1.213,0.098,0.033,0.002,14.023,8.18,438928,242737,0,0
IDNR19_14_028,14-21300005,21300005,8/21/2019,14,2019,Crandall's Beach,3.1,4.936,0.097,1.234,0.018,0.557,0.026,13.129,8.53,1901837,126405,0,0
IDNR19_15_028,15-21300005,21300005,8/28/2019,15,2019,Crandall's Beach,2.48,2.53,-0.436,1.064,0.05,0.099,0.004,15.846,8.61,3290014,829794,0,0
IDNR19_01_013,1-21810001,21810001,5/21/2019,1,2019,Denison Beach,0,4.464,8.992,0.37,3.083,1.42,0.055,16.46,8.17,,,,
IDNR19_02_013,2-21810001,21810001,5/28/2019,2,2019,Denison Beach,0.072,3.589,9.762,0.22,1.667,2.649,0.062,16.542,8.2,,,,
IDNR19_03_013,3-21810001,21810001,6/4/2019,3,2019,Denison Beach,0.543,4.24,1.275,0.576,0.06,4.324,0.083,15.701,8.98,,,,
IDNR19_04_013,4-21810001,21810001,6/11/2019,4,2019,Denison Beach,0.415,5.341,0.717,1.086,0.044,2.065,0.087,16.763,8.67,,,,
IDNR19_05_013,5-21810001,21810001,6/18/2019,5,2019,Denison Beach,0.733,4.968,0.038,0.78,-0.004,1.941,0.079,17.205,8.56,,,,
IDNR19_06_013,6-21810001,21810001,6/25/2019,6,2019,Denison Beach,0.218,5.616,0.209,0.352,0.091,1.06,0.076,19.131,8.66,2190626,242338,0,0
IDNR19_07_013,7-21810001,21810001,7/1/2019,7,2019,Denison Beach,0.068,5.237,0.003,0.407,0.015,0.85,0.058,18.125,8.55,4923913,270836,0,0
IDNR19_08_013,8-21810001,21810001,7/9/2019,8,2019,Denison Beach,1.743,6.271,0.033,1.093,0.047,0.449,0.045,18.462,8.31,372131,372131,10477,0
IDNR19_09_013,9-21810001,21810001,7/16/2019,9,2019,Denison Beach,4.2,6.475,0.063,1.328,0.041,-0.011,0.018,17.615,8.41,1994752,376674,0,0
IDNR19_10_013,10-21810001,21810001,7/23/2019,10,2019,Denison Beach,1.193,6.512,0.463,2.246,0.043,0.106,0.03,17.781,8.51,5043291,60942,0,0
IDNR19_11_013,11-21810001,21810001,7/30/2019,11,2019,Denison Beach,0,7.03,0.462,3.558,0.023,0.069,0.02,18.494,8.3,5762856,68419,0,0
IDNR19_12_013,12-21810001,21810001,8/6/2019,12,2019,Denison Beach,0.282,6.998,0.224,1.978,0.016,0.035,0.014,18.423,8.5,13187381,0,0,0
IDNR19_13_013,13-21810001,21810001,8/13/2019,13,2019,Denison Beach,0.17,7.896,0.141,1.944,0.038,0.017,0.016,18.337,8.39,5518170,0,0,0
IDNR19_14_013,14-21810001,21810001,8/20/2019,14,2019,Denison Beach,0.01,5.335,0.137,1.938,-0.006,0.022,0.02,18.638,8.5,2292697,0,0,0
IDNR19_15_013,15-21810001,21810001,8/27/2019,15,2019,Denison Beach,0.087,6.094,-0.284,2.213,0.042,0.071,0.017,19.696,8.56,7235162,0,0,0
IDNR19_01_027,1-21300004,21300004,5/22/2019,1,2019,Emerson Bay Beach,0.555,4.596,1.729,0.281,0.06,11.04,0.006,23.611,8.34,,,,
IDNR19_02_027,2-21300004,21300004,5/29/2019,2,2019,Emerson Bay Beach,0.038,3.61,1.693,0.089,2.228,-0.081,0.009,21.572,8.12,,,,
IDNR19_03_027,3-21300004,21300004,6/5/2019,3,2019,Emerson Bay Beach,0.07,5.4,1.545,0.445,0.053,0.037,0.004,23.899,8.67,,,,
IDNR19_04_027,4-21300004,21300004,6/12/2019,4,2019,Emerson Bay Beach,0.127,5.425,1.076,1.053,0.028,0.057,-0.001,22.299,8.6,,,,
IDNR19_05_027,5-21300004,21300004,6/19/2019,5,2019,Emerson Bay Beach,0,5.628,0.045,0.785,0.051,0.171,0.008,23.832,8.62,,,,
IDNR19_06_027,6-21300004,21300004,6/26/2019,6,2019,Emerson Bay Beach,0.127,6.593,0.323,0.168,0.042,0.044,0.01,24.334,8.18,2073522,0,0,0
IDNR19_07_027,7-21300004,21300004,7/2/2019,7,2019,Emerson Bay Beach,0,6.218,-0.022,0.184,0.013,-0.025,0.007,22.42,8.2,723387,22038,0,0
IDNR19_08_027,8-21300004,21300004,7/10/2019,8,2019,Emerson Bay Beach,0.018,7.281,0.082,0.541,0.05,0.114,0.007,22.319,8.25,3615674,3615674,0,0
IDNR19_09_027,9-21300004,21300004,7/17/2019,9,2019,Emerson Bay Beach,1.32,6.555,-0.043,0.428,0.028,0.015,0.007,22.118,8.07,1936672,0,0,0
IDNR19_10_027,10-21300004,21300004,7/24/2019,10,2019,Emerson Bay Beach,0.17,6.783,0.212,0.811,0.133,0.108,0.004,22.309,8.15,14985397,0,0,0
IDNR19_11_027,11-21300004,21300004,7/31/2019,11,2019,Emerson Bay Beach,0,6.448,0.099,0.705,0.042,0.074,0.004,22.677,8.1,4876626,0,0,0
IDNR19_12_027,12-21300004,21300004,8/7/2019,12,2019,Emerson Bay Beach,0.292,6.092,-0.022,0.67,0.187,0.043,0.002,22.775,8.33,1023257,0,0,0
IDNR19_13_027,13-21300004,21300004,8/14/2019,13,2019,Emerson Bay Beach,0.387,7.084,-0.016,0.732,0.081,0.041,0.004,22.901,8.3,317990,0,0,0
IDNR19_14_027,14-21300004,21300004,8/21/2019,14,2019,Emerson Bay Beach,0.023,5.852,0.055,0.766,-0.001,0.428,0.029,22.602,8.5,1744690,0,0,0
IDNR19_15_027,15-21300004,21300004,8/28/2019,15,2019,Emerson Bay Beach,0.155,2.524,-0.498,0.602,0.055,0.074,0.003,25.998,8.31,1564615,0,0,0
IDNR19_01_002,1-21070001,21070001,5/21/2019,1,2019,George Wyth Beach,0.04,3.105,0.76,0.245,0.475,1.162,0.032,32.709,8.71,,,,
IDNR19_02_002,2-21070001,21070001,5/28/2019,2,2019,George Wyth Beach,,,,,,,,,,,,,
IDNR19_03_002,3-21070001,21070001,6/4/2019,3,2019,George Wyth Beach,,,,,,,,,,,,,
IDNR19_04_002,4-21070001,21070001,6/11/2019,4,2019,George Wyth Beach,0,4.352,1.074,1.079,0.05,0.322,0.032,32.587,8.34,,,,
IDNR19_05_002,5-21070001,21070001,6/18/2019,5,2019,George Wyth Beach,0,4.774,0.071,1.22,0.013,0.26,0.026,33.143,8.55,,,,
IDNR19_06_002,6-21070001,21070001,6/25/2019,6,2019,George Wyth Beach,0.172,5.054,1.355,0.358,0.057,0.094,0.019,33.779,8.41,9101909,0,20252,0
IDNR19_07_002,7-21070001,21070001,7/1/2019,7,2019,George Wyth Beach,0.027,6.648,-0.019,0.471,0.109,0.026,0.014,31.9,8.31,2483530,0,63852,0
IDNR19_08_002,8-21070001,21070001,7/9/2019,8,2019,George Wyth Beach,0.54,6.127,0.115,0.833,0.141,0.09,0.024,32.786,8.6,722149,722149,21307,11579
IDNR19_09_002,9-21070001,21070001,7/16/2019,9,2019,George Wyth Beach,0.725,6.325,-0.046,0.572,0.042,-0.026,0.005,33.05,8.43,4422521,55309,43419,0
IDNR19_10_002,10-21070001,21070001,7/23/2019,10,2019,George Wyth Beach,0.63,5.707,0.203,1.784,0.352,0.042,0.005,34.188,8.29,9942843,0,20185,0
IDNR19_11_002,11-21070001,21070001,7/30/2019,11,2019,George Wyth Beach,0.38,6.046,0.113,1.64,0.014,0.037,0.009,34.587,8.21,2339894,64633,7391,0
IDNR19_12_002,12-21070001,21070001,8/6/2019,12,2019,George Wyth Beach,0.468,6.814,0.023,1.229,0.073,0,0.003,35.204,8.37,2694523,106760,0,0
IDNR19_13_002,13-21070001,21070001,8/13/2019,13,2019,George Wyth Beach,1.185,7.044,0.068,1.561,0.163,-0.003,0.002,36.121,8.36,432149,0,0,0
IDNR19_14_002,14-21070001,21070001,8/20/2019,14,2019,George Wyth Beach,0.415,7.687,-0.001,0.909,0.005,0.18,0.007,37.068,8.1,608655,0,0,0
IDNR19_15_002,15-21070001,21070001,8/27/2019,15,2019,George Wyth Beach,0.375,4.124,-0.449,1.452,0.266,0.097,0.009,42.744,7.53,3517465,0,14106,0
IDNR19_01_036,1-21880001,21880001,5/22/2019,1,2019,Green Valley Beach,6.765,4.525,1.319,0.159,2.91,0,0.022,7.116,9.4,,,,
IDNR19_02_036,2-21880001,21880001,5/29/2019,2,2019,Green Valley Beach,7.452,3.999,1.424,0.026,1.603,0.968,0.051,6.348,8.9,,,,
IDNR19_03_036,3-21880001,21880001,6/5/2019,3,2019,Green Valley Beach,23.925,17.94,2.357,0.86,0.085,1.656,0.065,6.462,8.74,,,,
IDNR19_04_036,4-21880001,21880001,6/12/2019,4,2019,Green Valley Beach,8.815,5.242,0.919,1.225,0.038,1.188,0.059,6.248,9.52,,,,
IDNR19_05_036,5-21880001,21880001,6/19/2019,5,2019,Green Valley Beach,13.927,14.19,0.06,1.37,0.044,0.862,0.055,6.184,9.6,,,,
IDNR19_06_036,6-21880001,21880001,6/26/2019,6,2019,Green Valley Beach,33.66,18.45,1.336,0.899,0.075,0.433,0.052,6.334,9.58,6223711,8216989,0,0
IDNR19_07_036,7-21880001,21880001,7/2/2019,7,2019,Green Valley Beach,45.79,12.68,0.175,1.782,0.048,0.022,0.017,6.667,10.23,1788553,3238527,0,0
IDNR19_08_036,8-21880001,21880001,7/10/2019,8,2019,Green Valley Beach,37.255,9.089,0.204,2.159,0.086,0.103,0.011,6.751,10.25,13111778,13111778,4461288,0
IDNR19_09_036,9-21880001,21880001,7/17/2019,9,2019,Green Valley Beach,40.94,11.25,0.168,2.054,0.024,0.022,0.012,6.776,9.91,22748380,2926785,0,0
IDNR19_10_036,10-21880001,21880001,7/24/2019,10,2019,Green Valley Beach,36.56,18.08,0.971,4.714,0.057,0.108,0.02,6.918,9.71,63467850,11424446,0,0
IDNR19_11_036,11-21880001,21880001,7/31/2019,11,2019,Green Valley Beach,18.365,9.269,0.785,4.668,0.029,0.079,0.011,7.123,10.01,8763042,6751586,0,0
IDNR19_12_036,12-21880001,21880001,8/7/2019,12,2019,Green Valley Beach,34.83,13.26,0.609,3.281,0.026,0.042,0.011,7.376,9.44,11657475,6128917,0,0
IDNR19_13_036,13-21880001,21880001,8/14/2019,13,2019,Green Valley Beach,16.75,17.42,0.464,1.773,0.086,0.07,0.008,6.611,9.34,1705969,1271633,0,0
IDNR19_14_036,14-21880001,21880001,8/21/2019,14,2019,Green Valley Beach,10.155,7.275,0.302,1.515,0.01,0.254,0.053,5.929,9.26,1174893,46615,0,0
IDNR19_15_036,15-21880001,21880001,8/28/2019,15,2019,Green Valley Beach,20.353,2.815,0.046,2.306,0.064,0.185,0.019,8.792,8.42,7019926,4916231,0,0
IDNR19_01_024,1-21300001,21300001,5/22/2019,1,2019,Gull Point Beach,0.08,6.052,1.943,0.206,1.234,13.282,0.004,21.137,7.84,,,,
IDNR19_02_024,2-21300001,21300001,5/29/2019,2,2019,Gull Point Beach,0.157,3.968,1.168,0.193,1.781,-0.12,0.003,22.827,7.97,,,,
IDNR19_03_024,3-21300001,21300001,6/5/2019,3,2019,Gull Point Beach,0,5.273,1.295,0.522,0.07,0.003,0.002,22.89,8.75,,,,
IDNR19_04_024,4-21300001,21300001,6/12/2019,4,2019,Gull Point Beach,0.097,5.534,1.114,1.239,0.028,0.08,-0.001,23.59,8.5,,,,
IDNR19_05_024,5-21300001,21300001,6/19/2019,5,2019,Gull Point Beach,0,5.492,0.049,0.583,0.099,0.172,0.002,22.502,8.42,,,,
IDNR19_06_024,6-21300001,21300001,6/26/2019,6,2019,Gull Point Beach,0,6.779,0.076,0.178,0.054,0.02,0,22.642,8.39,1499819,0,0,0
IDNR19_07_024,7-21300001,21300001,7/2/2019,7,2019,Gull Point Beach,0,6.036,0.007,0.21,0.028,-0.017,0.003,22.762,8.19,917476,37935,0,0
IDNR19_08_024,8-21300001,21300001,7/10/2019,8,2019,Gull Point Beach,0.125,7.219,0.06,0.877,0.04,0.083,0.002,22.603,8.17,941693,941693,0,0
IDNR19_09_024,9-21300001,21300001,7/17/2019,9,2019,Gull Point Beach,0.913,6.708,-0.072,0.296,0.069,0.003,0.002,23.215,8.25,2398534,0,0,0
IDNR19_10_024,10-21300001,21300001,7/24/2019,10,2019,Gull Point Beach,0.16,7.12,0.128,0.45,0.175,0.066,0.003,21.797,8.45,9795484,53656,0,0
IDNR19_11_024,11-21300001,21300001,7/31/2019,11,2019,Gull Point Beach,0.14,7.197,0.042,0.825,0.033,0.058,-0.001,22.832,8.1,2325975,108912,0,0
IDNR19_12_024,12-21300001,21300001,8/7/2019,12,2019,Gull Point Beach,0.488,7.664,0.06,0.792,0.029,0.034,0.005,23.053,8.33,2264122,47171,0,0
IDNR19_13_024,13-21300001,21300001,8/14/2019,13,2019,Gull Point Beach,0.7,7.476,0.042,0.751,0.076,0.014,-0.001,23.002,8.28,736340,24976,0,0
IDNR19_14_024,14-21300001,21300001,8/21/2019,14,2019,Gull Point Beach,0.262,4.935,-0.04,0.574,0.001,0.119,0.01,22.893,8.2,681809,0,0,0
IDNR19_15_024,15-21300001,21300001,8/28/2019,15,2019,Gull Point Beach,0.1,5.606,-0.529,0.622,0.045,0.099,0.003,25.746,8.42,2149471,56715,0,0
IDNR19_01_001,1-21040001,21040001,5/22/2019,1,2019,Honey Creek Resort Beach,0.303,5.439,2.463,-0.312,2.848,1.06,0.041,9.056,8.61,,,,
IDNR19_02_001,2-21040001,21040001,5/29/2019,2,2019,Honey Creek Resort Beach,0.052,4.27,2.148,0.234,2.215,0.816,0.056,7.634,7.12,,,,
IDNR19_03_001,3-21040001,21040001,6/5/2019,3,2019,Honey Creek Resort Beach,0.327,7.365,2.831,0.569,2.192,1.355,0.059,8.032,7.42,,,,
IDNR19_04_001,4-21040001,21040001,6/12/2019,4,2019,Honey Creek Resort Beach,0,7.047,1.914,1.191,0.069,1.081,0.033,7.219,7.28,,,,
IDNR19_05_001,5-21040001,21040001,6/19/2019,5,2019,Honey Creek Resort Beach,0,7.055,0.117,1.018,0.05,1.252,0.051,6.804,7.89,,,,
IDNR19_06_001,6-21040001,21040001,6/26/2019,6,2019,Honey Creek Resort Beach,0.16,8.158,0.484,0.261,0.15,1.046,0.042,7.818,7.9,811456,0,0,0
IDNR19_07_001,7-21040001,21040001,7/2/2019,7,2019,Honey Creek Resort Beach,0.255,8.178,0.041,0.316,0.065,0.798,0.022,6.703,8.2,0,17036,0,0
IDNR19_08_001,8-21040001,21040001,7/10/2019,8,2019,Honey Creek Resort Beach,0.975,8.016,0.138,1.054,0.03,0.464,0.032,6.435,8.91,4805973,4805973,173736,0
IDNR19_09_001,9-21040001,21040001,7/17/2019,9,2019,Honey Creek Resort Beach,3.057,9.572,0.119,1.128,0.176,0.193,0.038,6.793,8.4,7452652,322720,0,0
IDNR19_10_001,10-21040001,21040001,7/24/2019,10,2019,Honey Creek Resort Beach,0.097,8.554,0.366,1.877,1.189,0.745,0.066,6.868,8.4,17648108,404580,0,0
IDNR19_11_001,11-21040001,21040001,7/31/2019,11,2019,Honey Creek Resort Beach,3.015,8.004,0.355,2.794,0.031,0.565,0.054,6.54,8.93,4999762,1040094,0,0
IDNR19_12_001,12-21040001,21040001,8/7/2019,12,2019,Honey Creek Resort Beach,40.295,3.493,0.513,6.287,0.144,0.132,0.046,7.357,9.33,8406035,1395000,0,0
IDNR19_13_001,13-21040001,21040001,8/14/2019,13,2019,Honey Creek Resort Beach,3.21,7.936,-0.012,1.02,0.04,0.363,0.031,6.478,8.3,691980,0,0,0
IDNR19_14_001,14-21040001,21040001,8/21/2019,14,2019,Honey Creek Resort Beach,1.695,4.587,0.078,1.983,0.285,0.414,0.031,5.873,8.61,1790991,0,0,0
IDNR19_15_001,15-21040001,21040001,8/28/2019,15,2019,Honey Creek Resort Beach,0.47,5.924,-0.408,1.15,0.223,0.678,0.14,8.672,7.9,1662880,87512,0,0
IDNR19_01_037,1-21890001,21890001,5/22/2019,1,2019,Lacey-Keosauqua Beach,0.027,18.44,1.238,0.147,2.61,0,0.067,4.857,7.77,,,,
IDNR19_02_037,2-21890001,21890001,5/29/2019,2,2019,Lacey-Keosauqua Beach,,,,,,,,,,,,,
IDNR19_03_037,3-21890001,21890001,6/5/2019,3,2019,Lacey-Keosauqua Beach,0,9.229,1.679,0.431,0.128,0.118,0.054,2.869,8.12,,,,
IDNR19_04_037,4-21890001,21890001,6/12/2019,4,2019,Lacey-Keosauqua Beach,0.352,5.268,0.793,1.061,0.088,0.095,0.021,1.935,8.66,,,,
IDNR19_05_037,5-21890001,21890001,6/19/2019,5,2019,Lacey-Keosauqua Beach,0,8.41,0.056,0.609,0.122,0.165,0.014,1.067,7.71,,,,
IDNR19_06_037,6-21890001,21890001,6/26/2019,6,2019,Lacey-Keosauqua Beach,0,9.861,0.132,0.265,0.07,-0.009,0.017,1.9,7.42,1018570,0,0,0
IDNR19_07_037,7-21890001,21890001,7/2/2019,7,2019,Lacey-Keosauqua Beach,0,8.742,-0.032,0.177,0.018,-0.034,0.014,1.515,7.71,762693,0,0,0
IDNR19_08_037,8-21890001,21890001,7/10/2019,8,2019,Lacey-Keosauqua Beach,0.222,9.173,0.069,0.462,0.059,0.09,0.007,0.997,7.92,2110805,2110805,0,0
IDNR19_09_037,9-21890001,21890001,7/17/2019,9,2019,Lacey-Keosauqua Beach,1.725,9.05,-0.035,0.39,0.019,0.02,0.008,1.091,7.84,7530932,0,0,0
IDNR19_10_037,10-21890001,21890001,7/24/2019,10,2019,Lacey-Keosauqua Beach,0.512,9.308,0.269,0.626,0.059,0.077,0.004,5.547,8.17,5717449,14355,0,0
IDNR19_11_037,11-21890001,21890001,7/31/2019,11,2019,Lacey-Keosauqua Beach,0,22.75,0.145,0.676,0.022,0.082,0,1.679,8.34,2550517,0,0,0
IDNR19_12_037,12-21890001,21890001,8/6/2019,12,2019,Lacey-Keosauqua Beach,0.28,9.229,0.007,0.619,0.032,0.043,0.002,1.316,8.22,1373742,0,0,0
IDNR19_13_037,13-21890001,21890001,8/14/2019,13,2019,Lacey-Keosauqua Beach,0.663,8.861,0.056,0.613,0.135,0.041,0,1.228,8.26,752239,0,0,0
IDNR19_14_037,14-21890001,21890001,8/21/2019,14,2019,Lacey-Keosauqua Beach,0,4.675,-0.006,0.445,0.002,0.088,0.011,1.146,7.86,388493,0,0,0
IDNR19_15_037,15-21890001,21890001,8/28/2019,15,2019,Lacey-Keosauqua Beach,0.038,4.457,0.061,2.417,0.069,0.195,0.006,2.315,7.84,1305805,0,0,0
IDNR19_01_017,1-21910001,21910001,5/22/2019,1,2019,Lake Ahquabi Beach,0.093,6.238,1.355,0.246,0.475,0.121,0.005,6.875,8.91,,,,
IDNR19_02_017,2-21910001,21910001,5/29/2019,2,2019,Lake Ahquabi Beach,0.117,4.45,0.989,0.226,2.2,0.422,0.047,11.269,8.22,,,,
IDNR19_03_017,3-21910001,21910001,6/5/2019,3,2019,Lake Ahquabi Beach,0,7.698,2.288,0.607,0.079,0.582,0.046,10.955,8.67,,,,
IDNR19_04_017,4-21910001,21910001,6/12/2019,4,2019,Lake Ahquabi Beach,0.185,6.646,0.951,1.173,0.059,0.306,0.038,10.391,8.86,,,,
IDNR19_05_017,5-21910001,21910001,6/19/2019,5,2019,Lake Ahquabi Beach,0,6.735,0.031,0.857,0.022,0.227,0.026,10.001,8.9,,,,
IDNR19_06_017,6-21910001,21910001,6/26/2019,6,2019,Lake Ahquabi Beach,0.387,7.485,0.26,0.281,0.057,0.035,0.004,9.992,8.8,2290985,0,0,0
IDNR19_07_017,7-21910001,21910001,7/2/2019,7,2019,Lake Ahquabi Beach,0,7.116,-0.009,0.432,0.02,-0.037,0.006,9.903,9,484965,0,0,0
IDNR19_08_017,8-21910001,21910001,7/10/2019,8,2019,Lake Ahquabi Beach,0.082,8.059,0.047,1.097,0.041,0.074,0.008,10.219,9.11,4991457,4991457,0,0
IDNR19_09_017,9-21910001,21910001,7/17/2019,9,2019,Lake Ahquabi Beach,0.96,8.322,0.004,0.834,0.033,-0.01,0.004,10.701,8.86,9551706,0,0,0
IDNR19_10_017,10-21910001,21910001,7/24/2019,10,2019,Lake Ahquabi Beach,0.275,18.82,0.279,1.433,0.067,0.087,0.007,9.791,8.03,20486979,0,0,0
IDNR19_11_017,11-21910001,21910001,7/31/2019,11,2019,Lake Ahquabi Beach,0.018,7.741,0.179,1.27,0.019,0.069,0.003,10.378,8.48,7738264,0,0,0
IDNR19_12_017,12-21910001,21910001,8/7/2019,12,2019,Lake Ahquabi Beach,0.243,7.918,0.097,1.133,0.025,0.026,0.007,10.417,8.97,2342147,0,0,0
IDNR19_13_017,13-21910001,21910001,8/14/2019,13,2019,Lake Ahquabi Beach,0.038,7.559,0.043,1.364,0.985,0.042,0.005,10.177,8.9,560313,0,0,0
IDNR19_14_017,14-21910001,21910001,8/21/2019,14,2019,Lake Ahquabi Beach,0,3.157,0.067,1.115,-0.002,0.101,0.019,9.803,8.49,535618,0,0,0
IDNR19_15_017,15-21910001,21910001,8/28/2019,15,2019,Lake Ahquabi Beach,0.183,5.765,-0.463,1.117,0.1,0.068,0.01,11.53,7.8,2336106,0,0,0
IDNR19_01_020,1-21150001,21150001,5/22/2019,1,2019,Lake Anita Beach,0.6,4.206,1.992,-0.353,2.358,11.613,0.004,8.62,8.7,,,,
IDNR19_02_020,2-21150001,21150001,5/29/2019,2,2019,Lake Anita Beach,0.2,3.206,1.053,0.21,1.969,-0.081,0.008,7.545,8.06,,,,
IDNR19_03_020,3-21150001,21150001,6/5/2019,3,2019,Lake Anita Beach,0.097,4.298,2.197,0.466,0.068,0.06,0.009,7.641,8.71,,,,
IDNR19_04_020,4-21150001,21150001,6/12/2019,4,2019,Lake Anita Beach,0.132,4.63,1.317,1.105,0.031,0.062,0.001,7.779,8.79,,,,
IDNR19_05_020,5-21150001,21150001,6/19/2019,5,2019,Lake Anita Beach,0,4.959,0.044,0.651,0.014,0.186,0.005,7.431,8.8,,,,
IDNR19_06_020,6-21150001,21150001,6/26/2019,6,2019,Lake Anita Beach,0.447,6.141,0.089,0.152,0.075,0.038,0.002,7.268,8.66,3827655,0,0,0
IDNR19_07_020,7-21150001,21150001,7/2/2019,7,2019,Lake Anita Beach,0.135,6.383,-0.006,0.28,0.031,-0.004,0.004,7.67,9.08,552657,16175,0,0
IDNR19_08_020,8-21150001,21150001,7/10/2019,8,2019,Lake Anita Beach,0.365,6.569,0.118,0.618,0.051,0.092,0.017,8.749,8.37,8079199,8079199,0,0
IDNR19_09_020,9-21150001,21150001,7/17/2019,9,2019,Lake Anita Beach,1.503,7.18,-0.022,0.791,0.03,0.046,0.004,7.414,8.41,5833993,38794,0,0
IDNR19_10_020,10-21150001,21150001,7/24/2019,10,2019,Lake Anita Beach,0.248,4.798,0.255,1.685,0.035,0.082,0.009,7.394,8.41,23363599,222373,0,0
IDNR19_11_020,11-21150001,21150001,7/31/2019,11,2019,Lake Anita Beach,0.285,21.69,0.166,1.468,0.029,0.084,0.005,7.424,9.81,4443117,103836,0,0
IDNR19_12_020,12-21150001,21150001,8/7/2019,12,2019,Lake Anita Beach,0.78,7.773,0.022,1.406,0.033,0.053,0.008,7.713,8.06,868292,27451,16287,0
IDNR19_13_020,13-21150001,21150001,8/14/2019,13,2019,Lake Anita Beach,3.665,7.524,0.256,1.708,0.046,0.041,0.021,9.481,9.06,560472,0,0,0
IDNR19_14_020,14-21150001,21150001,8/21/2019,14,2019,Lake Anita Beach,0.817,6.803,0.019,1.496,0.005,0.212,0.036,7.168,7.94,303661,0,17199,0
IDNR19_15_020,15-21150001,21150001,8/28/2019,15,2019,Lake Anita Beach,2.013,6.813,-0.435,1.189,0.078,0.119,0.012,9.448,8.22,4105586,110350,304985,0
IDNR19_12_020a,12-21150001,21150001,8/7/2019,12,2019,Lake Anita Beach,0.78,7.773,0.022,1.406,0.033,0.053,0.008,7.713,8.06,868292,27451,16287,0
IDNR19_12_020b,12-21150001,21150001,8/7/2019,12,2019,Lake Anita Beach,0.78,7.773,0.022,1.406,0.033,0.053,0.008,7.713,8.06,868292,27451,16287,0
IDNR19_01_038,1-21920001,21920001,5/22/2019,1,2019,Lake Darling Beach,0.01,6.437,1.434,0.243,2.878,0,0.121,12.314,7.88,,,,
IDNR19_02_038,2-21920001,21920001,5/29/2019,2,2019,Lake Darling Beach,0.308,4.833,1.469,0.225,2.073,2.008,0.113,11.19,7.29,,,,
IDNR19_03_038,3-21920001,21920001,6/5/2019,3,2019,Lake Darling Beach,0,7.511,3.823,0.533,0.096,2.374,0.08,8.981,8.46,,,,
IDNR19_04_038,4-21920001,21920001,6/12/2019,4,2019,Lake Darling Beach,0.68,3.155,0.96,1.209,0.054,1.395,0.08,9.648,8.12,,,,
IDNR19_05_038,5-21920001,21920001,6/19/2019,5,2019,Lake Darling Beach,2.25,7.767,0.195,1.806,0.017,1.538,0.073,8.911,7.87,,,,
IDNR19_06_038,6-21920001,21920001,6/26/2019,6,2019,Lake Darling Beach,11.798,13.03,0.663,1.903,0.121,0.896,0.072,9.484,8.71,6366304,2688796,0,0
IDNR19_07_038,7-21920001,21920001,7/2/2019,7,2019,Lake Darling Beach,11.417,8.753,0.169,1.129,0.053,0.694,0.062,9.861,9.15,1428372,1122139,0,0
IDNR19_08_038,8-21920001,21920001,7/10/2019,8,2019,Lake Darling Beach,22.955,9.463,0.184,2.142,0.09,0.424,0.044,9.645,9.28,9172257,9172257,3530581,0
IDNR19_09_038,9-21920001,21920001,7/17/2019,9,2019,Lake Darling Beach,22.03,10.62,0.06,1.516,0.026,-0.016,0.007,10.373,10.21,27376841,4174094,0,0
IDNR19_10_038,10-21920001,21920001,7/24/2019,10,2019,Lake Darling Beach,30.3,9.743,0.543,2.43,0.046,0.06,0.011,10.132,9.71,40747298,5248329,0,0
IDNR19_11_038,11-21920001,21920001,7/31/2019,11,2019,Lake Darling Beach,27.495,15.29,2.655,8.53,0.394,0.123,0.119,14.796,9.31,27050059,1493097,0,0
IDNR19_12_038,12-21920001,21920001,8/6/2019,12,2019,Lake Darling Beach,9.47,11.08,0.585,2.632,0.021,0.071,0.014,11.063,9.44,3188581,573819,0,0
IDNR19_13_038,13-21920001,21920001,8/14/2019,13,2019,Lake Darling Beach,16.413,10.25,0.451,2.496,0.174,0.048,0.011,10.438,9.4,1284689,475674,0,0
IDNR19_14_038,14-21920001,21920001,8/21/2019,14,2019,Lake Darling Beach,2.622,4.635,0.347,1.42,0.077,0.121,0.019,9.703,9.19,746377,0,0,0
IDNR19_15_038,15-21920001,21920001,8/28/2019,15,2019,Lake Darling Beach,9.532,3.027,-0.298,2.65,0.695,0.173,0.016,12.231,8.15,2310576,865106,0,0
IDNR19_01_032,1-21620001,21620001,5/22/2019,1,2019,Lake Keomah Beach,0.038,4.702,1.161,0.219,0.436,0,0.088,11.77,8.1,,,,
IDNR19_02_032,2-21620001,21620001,5/29/2019,2,2019,Lake Keomah Beach,0.07,3.822,1.144,0.229,1.768,1.68,0.096,9.368,7.84,,,,
IDNR19_03_032,3-21620001,21620001,6/5/2019,3,2019,Lake Keomah Beach,0,6.462,1.981,0.645,0.095,2.734,0.123,9.037,8.24,,,,
IDNR19_04_032,4-21620001,21620001,6/12/2019,4,2019,Lake Keomah Beach,0.24,7.549,1.215,1.327,0.027,1.72,0.112,8.336,8.91,,,,
IDNR19_05_032,5-21620001,21620001,6/19/2019,5,2019,Lake Keomah Beach,2.865,9.096,0.1,2.431,0.327,1.452,0.104,8.658,9.49,,,,
IDNR19_06_032,6-21620001,21620001,6/26/2019,6,2019,Lake Keomah Beach,4.203,15.31,0.276,2.594,0.122,0.446,0.115,15.686,9.42,1741723,144152,0,0
IDNR19_07_032,7-21620001,21620001,7/2/2019,7,2019,Lake Keomah Beach,0.603,7.713,0.016,0.508,0.081,0.878,0.095,9.345,8.81,0,65145,0,0
IDNR19_08_032,8-21620001,21620001,7/10/2019,8,2019,Lake Keomah Beach,2.277,9.243,0.027,1.401,0.142,0.767,0.077,9.625,9.46,2559803,2559803,120798,0
IDNR19_09_032,9-21620001,21620001,7/17/2019,9,2019,Lake Keomah Beach,2.245,9.102,0.076,1.679,0.054,0.112,0.047,9.357,9.09,1766479,99762,0,0
IDNR19_10_032,10-21620001,21620001,7/24/2019,10,2019,Lake Keomah Beach,4.485,10.43,0.58,4.193,0.063,0.087,0.023,10.002,10.03,12125663,390548,0,0
IDNR19_11_032,11-21620001,21620001,7/31/2019,11,2019,Lake Keomah Beach,6.753,10.29,0.601,6.365,0.054,0.085,0.01,9.647,9.01,3376382,1212418,0,0
IDNR19_12_032,12-21620001,21620001,8/6/2019,12,2019,Lake Keomah Beach,12.065,8.887,0.231,2.266,0.033,0.051,0.01,9.674,9.44,1079676,313922,0,0
IDNR19_13_032,13-21620001,21620001,8/14/2019,13,2019,Lake Keomah Beach,16.853,9.234,0.204,2.056,0.086,0.031,0.005,9.759,9.31,437511,244355,0,0
IDNR19_14_032,14-21620001,21620001,8/21/2019,14,2019,Lake Keomah Beach,2.133,3.158,0.263,2.864,0.001,0.371,0.022,9.4,9.02,1090911,0,0,0
IDNR19_15_032,15-21620001,21620001,8/28/2019,15,2019,Lake Keomah Beach,49.4,4.396,2.329,24.91,0.305,0.171,0.11,13.332,9.19,5513532,858050,0,0
IDNR19_01_008,1-21520001,21520001,5/21/2019,1,2019,Lake Macbride Beach,0.03,3.539,3.8,0.294,0.233,2.118,0.046,24.534,8.68,,,,
IDNR19_02_008,2-21520001,21520001,5/28/2019,2,2019,Lake Macbride Beach,0.052,2.951,1.411,0.19,1.86,1.929,0.051,24.168,8.74,,,,
IDNR19_03_008,3-21520001,21520001,6/4/2019,3,2019,Lake Macbride Beach,0,6.745,2.332,0.488,0.283,2.383,0.05,21.652,8.98,,,,
IDNR19_04_008,4-21520001,21520001,6/11/2019,4,2019,Lake Macbride Beach,0.617,4.451,0.801,1.187,0.05,1.901,0.057,21.462,8.11,,,,
IDNR19_05_008,5-21520001,21520001,6/18/2019,5,2019,Lake Macbride Beach,22.26,4.771,0.059,1.773,0.363,2.158,0.069,21.765,8.55,,,,
IDNR19_06_008,6-21520001,21520001,6/25/2019,6,2019,Lake Macbride Beach,1.712,5.395,0.052,0.193,0.053,1.269,0.067,21.727,8.4,22120412,943323,0,0
IDNR19_07_008,7-21520001,21520001,7/1/2019,7,2019,Lake Macbride Beach,0,8.178,-0.028,0.464,0.023,0.023,0.008,11.403,8.71,2220545,282194,0,0
IDNR19_08_008,8-21520001,21520001,7/9/2019,8,2019,Lake Macbride Beach,0.535,5.528,0.06,0.637,0.038,0.869,0.057,22.718,8.94,345669,345669,77805,0
IDNR19_09_008,9-21520001,21520001,7/16/2019,9,2019,Lake Macbride Beach,0.665,5.548,-0.018,0.642,0.022,0.829,0.054,21.718,8.92,3440663,44856,0,0
IDNR19_10_008,10-21520001,21520001,7/23/2019,10,2019,Lake Macbride Beach,0.343,5.336,0.244,2.892,0.047,0.459,0.055,23.764,9.13,6616304,53323,0,0
IDNR19_11_008,11-21520001,21520001,7/30/2019,11,2019,Lake Macbride Beach,0.125,5.842,0.189,2.336,0.018,0.112,0.034,23.429,9.21,2804658,0,0,0
IDNR19_12_008,12-21520001,21520001,8/6/2019,12,2019,Lake Macbride Beach,0.602,6.687,0.044,1.298,0.039,0.017,0.006,22.803,9.26,4408112,0,0,0
IDNR19_13_008,13-21520001,21520001,8/13/2019,13,2019,Lake Macbride Beach,0.545,6.241,0.097,1.471,0.027,0.009,0.006,22.07,8.78,939002,0,0,0
IDNR19_14_008,14-21520001,21520001,8/20/2019,14,2019,Lake Macbride Beach,0,5.011,0.105,1.078,0.005,0.182,0.01,22.675,8.71,222401,0,0,0
IDNR19_15_008,15-21520001,21520001,8/27/2019,15,2019,Lake Macbride Beach,0.105,4.004,-0.467,1.1,0.108,0.091,0.01,25.86,8.51,3042947,0,0,0
IDNR19_01_012,1-21780001,21780001,5/21/2019,1,2019,Lake Manawa Beach,0.058,4.891,8.81,0.335,2.329,0.115,0.011,27.702,8.8,,,,
IDNR19_02_012,2-21780001,21780001,5/28/2019,2,2019,Lake Manawa Beach,0.177,3.878,9.556,0.282,1.694,0.471,0.013,26.675,8.7,,,,
IDNR19_03_012,3-21780001,21780001,6/4/2019,3,2019,Lake Manawa Beach,0,4.657,2.49,0.459,0.11,0.077,0.009,25.476,8.45,,,,
IDNR19_04_012,4-21780001,21780001,6/11/2019,4,2019,Lake Manawa Beach,0.438,5.26,0.823,1.131,0.045,0.072,0.006,27.061,8.5,,,,
IDNR19_05_012,5-21780001,21780001,6/18/2019,5,2019,Lake Manawa Beach,0,6.42,0.049,0.706,0.057,0.149,0.005,26.953,8.5,,,,
IDNR19_06_012,6-21780001,21780001,6/25/2019,6,2019,Lake Manawa Beach,0.21,6.299,0.191,0.234,0.075,-0.001,0.005,26.891,8.48,4652154,0,0,0
IDNR19_07_012,7-21780001,21780001,7/1/2019,7,2019,Lake Manawa Beach,0,7.002,-0.01,0.374,0.025,-0.019,0.007,27.73,8.32,5926431,0,0,0
IDNR19_08_012,8-21780001,21780001,7/9/2019,8,2019,Lake Manawa Beach,0.132,6.146,-0.008,0.631,0.061,0.058,0.009,28.523,8.3,984813,984813,0,0
IDNR19_09_012,9-21780001,21780001,7/16/2019,9,2019,Lake Manawa Beach,0.65,5.984,-0.034,0.643,0.038,-0.022,0.008,28.088,8.1,857484,0,0,0
IDNR19_10_012,10-21780001,21780001,7/23/2019,10,2019,Lake Manawa Beach,0.038,7.333,0.245,1.876,0.036,0.062,0.013,29.301,8.51,8732810,0,0,0
IDNR19_11_012,11-21780001,21780001,7/30/2019,11,2019,Lake Manawa Beach,0,6.797,0.36,3.249,0.023,0.063,0.012,29.574,8.62,1340728,0,0,0
IDNR19_12_012,12-21780001,21780001,8/7/2019,12,2019,Lake Manawa Beach,0.4,7.893,0.121,2.218,0.028,0.03,0.015,29.016,8.59,6323427,0,0,0
IDNR19_13_012,13-21780001,21780001,8/13/2019,13,2019,Lake Manawa Beach,0.038,8.286,0.071,2.229,0.206,0.03,0.01,28.681,8.37,1109988,0,0,0
IDNR19_14_012,14-21780001,21780001,8/20/2019,14,2019,Lake Manawa Beach,0.09,4.598,0.116,1.849,0.007,0.016,0.013,29.464,8.46,1193049,0,0,0
IDNR19_15_012,15-21780001,21780001,8/27/2019,15,2019,Lake Manawa Beach,0.332,5.381,-0.342,2.236,0.024,0.07,0.014,30.533,8.28,7473111,0,0,0
IDNR19_01_035,1-21870001,21870001,5/22/2019,1,2019,Lake of Three Fires Beach,0.093,5.28,1.264,0.206,1.075,0,0.036,5.891,8.4,,,,
IDNR19_02_035,2-21870001,21870001,5/29/2019,2,2019,Lake of Three Fires Beach,0,4.613,1.142,0.219,1.758,1.447,0.079,3.42,7.5,,,,
IDNR19_03_035,3-21870001,21870001,6/5/2019,3,2019,Lake of Three Fires Beach,0,6.759,1.605,0.492,0.073,1.834,0.072,3.789,8.92,,,,
IDNR19_04_035,4-21870001,21870001,6/12/2019,4,2019,Lake of Three Fires Beach,0.428,8.339,1.838,1.32,0.059,0.863,0.062,3.816,9.86,,,,
IDNR19_05_035,5-21870001,21870001,6/19/2019,5,2019,Lake of Three Fires Beach,0,11.2,0.181,2.988,0.036,0.463,0.045,3.068,10.3,,,,
IDNR19_06_035,6-21870001,21870001,6/26/2019,6,2019,Lake of Three Fires Beach,3.283,14.06,0.641,0.793,0.109,0.03,0.006,3.658,10.26,6541765,997990,0,0
IDNR19_07_035,7-21870001,21870001,7/2/2019,7,2019,Lake of Three Fires Beach,2.665,11.97,0.066,0.971,0.034,-0.024,0.009,3.53,10.11,1548234,375858,0,0
IDNR19_08_035,8-21870001,21870001,7/10/2019,8,2019,Lake of Three Fires Beach,18.487,20.376,0.231,2.45,0.067,0.123,0.009,3.504,9.9,7244674,7244674,1457970,0
IDNR19_09_035,9-21870001,21870001,7/17/2019,9,2019,Lake of Three Fires Beach,22.64,13.71,0.034,2.736,0.05,0.048,0.009,3.528,8.82,10143469,2273700,0,0
IDNR19_10_035,10-21870001,21870001,7/24/2019,10,2019,Lake of Three Fires Beach,22.3,14.2,0.323,3.649,0.709,0.273,0.015,4.092,9.65,13559330,2401254,0,0
IDNR19_11_035,11-21870001,21870001,7/31/2019,11,2019,Lake of Three Fires Beach,8.94,13.27,0.161,3.299,0.101,0.075,0.006,3.576,9.84,6024707,3247682,0,0
IDNR19_12_035,12-21870001,21870001,8/7/2019,12,2019,Lake of Three Fires Beach,16.185,12.29,0.021,2.111,0.064,0.069,0.013,3.592,9.17,4200602,1398590,0,0
IDNR19_13_035,13-21870001,21870001,8/14/2019,13,2019,Lake of Three Fires Beach,30.72,12.57,0.103,1.786,0.195,0.022,0.003,3.386,8.39,1115901,865265,0,0
IDNR19_14_035,14-21870001,21870001,8/21/2019,14,2019,Lake of Three Fires Beach,3.827,5.348,0.199,1.879,-0.002,0.201,0.084,3.342,8.98,798743,64039,0,0
IDNR19_15_035,15-21870001,21870001,8/28/2019,15,2019,Lake of Three Fires Beach,1.725,5.022,-0.427,1.817,0.162,0.169,0.007,5.28,7.93,3651177,222267,0,0
IDNR19_01_023,1-21260001,21260001,5/22/2019,1,2019,Lake Wapello Beach,0.173,,,,,,,,8.13,,,,
IDNR19_02_023,2-21260001,21260001,5/29/2019,2,2019,Lake Wapello Beach,0.215,5.286,1.209,0.134,1.628,-0.067,0.019,3.674,7.99,,,,
IDNR19_03_023,3-21260001,21260001,6/5/2019,3,2019,Lake Wapello Beach,0,8.01,2.438,0.621,0.074,0.01,0.016,3.726,8.62,,,,
IDNR19_04_023,4-21260001,21260001,6/12/2019,4,2019,Lake Wapello Beach,0.493,6.284,1.284,1.207,0.021,1.513,0.1,8.013,8.34,,,,
IDNR19_05_023,5-21260001,21260001,6/19/2019,5,2019,Lake Wapello Beach,0,9.24,0.045,1.183,0.933,0.159,0.009,3.072,8.28,,,,
IDNR19_06_023,6-21260001,21260001,6/26/2019,6,2019,Lake Wapello Beach,0.043,10.1,0.107,0.385,0.104,0.023,0.004,3.108,7.64,1601351,0,0,0
IDNR19_07_023,7-21260001,21260001,7/2/2019,7,2019,Lake Wapello Beach,0.072,8.703,-0.101,0.353,0.021,-0.028,0.007,2.875,8.34,558228,0,0,0
IDNR19_08_023,8-21260001,21260001,7/10/2019,8,2019,Lake Wapello Beach,0.065,10.149,0.006,1.019,0.065,0.089,0.006,2.327,8.91,2650246,2650246,0,0
IDNR19_09_023,9-21260001,21260001,7/17/2019,9,2019,Lake Wapello Beach,0,9.737,0.094,0.934,0.03,-0.012,0.004,2.665,8.69,2421252,0,0,0
IDNR19_10_023,10-21260001,21260001,7/24/2019,10,2019,Lake Wapello Beach,0.023,8.87,0.136,1.184,0.304,0.047,0.006,2.97,8.37,5933611,0,0,0
IDNR19_11_023,11-21260001,21260001,7/31/2019,11,2019,Lake Wapello Beach,0.063,9.601,-0.081,0.868,0.015,0.056,0.002,3.04,8.21,2245487,0,0,0
IDNR19_12_023,12-21260001,21260001,8/6/2019,12,2019,Lake Wapello Beach,0.405,9.813,0.016,1.06,0.045,0.021,0.003,2.634,8.48,871631,0,0,0
IDNR19_13_023,13-21260001,21260001,8/14/2019,13,2019,Lake Wapello Beach,0.29,9.86,0.006,1.365,0.028,0.038,0.002,2.697,8.45,262670,0,0,0
IDNR19_14_023,14-21260001,21260001,8/21/2019,14,2019,Lake Wapello Beach,0.17,5.069,0.156,1.085,0.001,0.212,0.006,2.496,7.49,45278,0,0,0
IDNR19_15_023,15-21260001,21260001,8/28/2019,15,2019,Lake Wapello Beach,0.208,1.903,-0.499,0.839,0.061,0.091,0.009,3.692,7.52,1820534,0,0,0
IDNR19_01_011,1-21670001,21670001,5/21/2019,1,2019,Lewis and Clark (Blue Lake) Beach,0,6.445,8.446,0.317,2.72,0.081,0.011,12.871,8.5,,,,
IDNR19_02_011,2-21670001,21670001,5/28/2019,2,2019,Lewis and Clark (Blue Lake) Beach,0.102,5.599,7.754,0.245,1.747,0.141,0.015,12.376,8.4,,,,
IDNR19_03_011,3-21670001,21670001,6/4/2019,3,2019,Lewis and Clark (Blue Lake) Beach,0,6.825,1.505,0.641,0.318,0.104,0.016,12.153,8.34,,,,
IDNR19_04_011,4-21670001,21670001,6/11/2019,4,2019,Lewis and Clark (Blue Lake) Beach,0.195,7.765,0.797,1.234,0.28,0.091,0.021,11.877,8.41,,,,
IDNR19_05_011,5-21670001,21670001,6/18/2019,5,2019,Lewis and Clark (Blue Lake) Beach,0,8.947,0.112,1.774,0.365,0.192,0.022,17.888,8.7,,,,
IDNR19_06_011,6-21670001,21670001,6/25/2019,6,2019,Lewis and Clark (Blue Lake) Beach,0.015,9.924,0.235,0.453,0.115,0.024,0.022,12.258,8.45,13457666,73842,0,0
IDNR19_07_011,7-21670001,21670001,7/1/2019,7,2019,Lewis and Clark (Blue Lake) Beach,0,9.33,0.019,0.522,0.02,-0.013,0.012,12.122,8.29,2183077,0,0,0
IDNR19_08_011,8-21670001,21670001,7/9/2019,8,2019,Lewis and Clark (Blue Lake) Beach,0.335,8.008,0.141,0.947,0.056,0.062,0.011,12.398,8.5,990476,990476,0,0
IDNR19_09_011,9-21670001,21670001,7/16/2019,9,2019,Lewis and Clark (Blue Lake) Beach,0.98,8.132,0.004,0.681,0.03,-0.015,0.011,11.3,8.03,10185851,0,0,0
IDNR19_10_011,10-21670001,21670001,7/23/2019,10,2019,Lewis and Clark (Blue Lake) Beach,0.135,7.853,0.371,1.243,0.02,0.07,0.007,12.152,8.24,10765273,0,0,0
IDNR19_11_011,11-21670001,21670001,7/30/2019,11,2019,Lewis and Clark (Blue Lake) Beach,0.185,8.943,0.137,0.907,0.008,0.045,0.006,11.961,8.46,2406012,0,0,0
IDNR19_12_011,12-21670001,21670001,8/7/2019,12,2019,Lewis and Clark (Blue Lake) Beach,0.305,8.513,0.014,1.133,0.017,0.024,0.006,11.851,8.32,8139343,0,0,0
IDNR19_13_011,13-21670001,21670001,8/13/2019,13,2019,Lewis and Clark (Blue Lake) Beach,0.567,9.269,0.139,1.472,0.023,0.001,0.004,11.501,7.91,638730,0,0,0
IDNR19_14_011,14-21670001,21670001,8/20/2019,14,2019,Lewis and Clark (Blue Lake) Beach,0.038,5.248,0.113,0.993,-0.005,0.076,0.007,11.939,8.43,752300,0,0,0
IDNR19_15_011,15-21670001,21670001,8/27/2019,15,2019,Lewis and Clark (Blue Lake) Beach,0.38,7.126,-0.212,2.011,0.037,0.087,0.014,12.113,8.12,14279875,0,0,0
IDNR19_01_030,1-21420001,21420001,5/21/2019,1,2019,Lower Pine Lake Beach,0.2,2.849,1.403,0.254,2.164,4.896,0.075,13.906,9.01,,,,
IDNR19_02_030,2-21420001,21420001,5/28/2019,2,2019,Lower Pine Lake Beach,0.093,2.472,2.361,0.213,1.676,4.894,0.093,12.165,8.31,,,,
IDNR19_03_030,3-21420001,21420001,6/4/2019,3,2019,Lower Pine Lake Beach,0.02,3.394,1.108,0.485,0.134,7.194,0.097,13.571,8.54,,,,
IDNR19_04_030,4-21420001,21420001,6/11/2019,4,2019,Lower Pine Lake Beach,0.195,3.731,0.764,1.28,0.166,5.211,0.128,13.252,7.92,,,,
IDNR19_05_030,5-21420001,21420001,6/18/2019,5,2019,Lower Pine Lake Beach,0,3.385,0.102,1.029,-0.006,4.356,0.161,13.561,8.09,,,,
IDNR19_06_030,6-21420001,21420001,6/25/2019,6,2019,Lower Pine Lake Beach,0.188,4.65,0.202,0.194,0.087,3.227,0.18,13.154,8.4,1867871,0,0,0
IDNR19_07_030,7-21420001,21420001,7/1/2019,7,2019,Lower Pine Lake Beach,0.05,5.003,0.019,0.287,0.034,1.327,0.069,21.758,8.5,0,0,0,0
IDNR19_08_030,8-21420001,21420001,7/9/2019,8,2019,Lower Pine Lake Beach,0.213,4.949,0.113,0.644,0.104,5.01,0.168,13.832,8.18,0,0,0,0
IDNR19_09_030,9-21420001,21420001,7/16/2019,9,2019,Lower Pine Lake Beach,0.485,4.48,-0.014,0.504,0.058,2.713,0.161,13.22,8.8,5073549,0,0,0
IDNR19_10_030,10-21420001,21420001,7/23/2019,10,2019,Lower Pine Lake Beach,0.003,3.396,0.323,1.026,0.049,3.209,0.124,15.036,7.9,3872928,0,0,0
IDNR19_11_030,11-21420001,21420001,7/30/2019,11,2019,Lower Pine Lake Beach,0,5.267,0.138,1.346,0.068,1.013,0.152,13.936,8.47,1780054,0,0,0
IDNR19_12_030,12-21420001,21420001,8/6/2019,12,2019,Lower Pine Lake Beach,0.675,5.256,0.078,1.425,0.266,1.22,0.145,14.132,8.17,2364202,19759,0,0
IDNR19_13_030,13-21420001,21420001,8/13/2019,13,2019,Lower Pine Lake Beach,0.945,4.885,0.126,1.963,0.146,0.638,0.09,14.166,8.6,1121009,0,0,0
IDNR19_14_030,14-21420001,21420001,8/20/2019,14,2019,Lower Pine Lake Beach,0.06,1.815,0.107,1.547,0.014,1.238,0.068,13.512,8.54,237687,0,0,0
IDNR19_15_030,15-21420001,21420001,8/27/2019,15,2019,Lower Pine Lake Beach,0.207,1.62,-0.359,2.399,0.503,0.501,0.05,15.471,8.8,2156813,0,0,0
IDNR19_01_022,1-21170002,21170002,5/21/2019,1,2019,McIntosh Woods Beach,0.375,5.687,4.57,0.296,2.32,0.055,0.003,11.974,8.61,,,,
IDNR19_02_022,2-21170002,21170002,5/28/2019,2,2019,McIntosh Woods Beach,0.45,4.518,3.152,0.037,1.781,-0.015,0.008,12.096,8.24,,,,
IDNR19_03_022,3-21170002,21170002,6/4/2019,3,2019,McIntosh Woods Beach,0.44,6.505,0.992,0.517,0.071,0.06,0.007,12.099,8.28,,,,
IDNR19_04_022,4-21170002,21170002,6/11/2019,4,2019,McIntosh Woods Beach,5.3,8.853,1.015,1.492,0.049,0.074,0.019,11.549,8.29,,,,
IDNR19_05_022,5-21170002,21170002,6/18/2019,5,2019,McIntosh Woods Beach,0.15,7.055,0.055,0.951,0.013,0.148,0.001,11.986,8.45,,,,
IDNR19_06_022,6-21170002,21170002,6/25/2019,6,2019,McIntosh Woods Beach,1.727,9.152,0.323,0.533,0.08,-0.011,0.004,12.111,8.7,1937558,857117,0,0
IDNR19_07_022,7-21170002,21170002,7/1/2019,7,2019,McIntosh Woods Beach,1.355,9.339,-0.036,0.463,0.035,-0.034,0.007,11.572,8.3,4771138,356466,0,0
IDNR19_08_022,8-21170002,21170002,7/9/2019,8,2019,McIntosh Woods Beach,1.247,9.042,0.051,0.772,0.05,0.08,0.099,13.251,7.91,663746,663746,175813,0
IDNR19_09_022,9-21170002,21170002,7/16/2019,9,2019,McIntosh Woods Beach,1.29,9.687,0.041,1.144,0.02,-0.023,0.004,12.021,8.55,7251692,236665,0,0
IDNR19_10_022,10-21170002,21170002,7/23/2019,10,2019,McIntosh Woods Beach,5.788,11.45,0.328,2.259,0.026,0.07,0.005,12.545,8.9,10984716,661508,0,0
IDNR19_11_022,11-21170002,21170002,7/30/2019,11,2019,McIntosh Woods Beach,2.905,10.22,0.151,2.673,0.018,0.082,0.006,12.529,8.81,1612595,553595,0,0
IDNR19_12_022,12-21170002,21170002,8/6/2019,12,2019,McIntosh Woods Beach,3.535,10.15,0.038,2.078,0.049,0.026,0.003,12.166,8.71,4810219,720329,0,0
IDNR19_13_022,13-21170002,21170002,8/13/2019,13,2019,McIntosh Woods Beach,24.525,11.97,0.203,2.865,0.31,0.023,0.004,12.333,8.93,2114392,66605,0,0
IDNR19_14_022,14-21170002,21170002,8/20/2019,14,2019,McIntosh Woods Beach,3.303,7.919,0.116,1.692,0.002,0.366,0.037,12.087,8.57,1292272,49070,0,0
IDNR19_15_022,15-21170002,21170002,8/27/2019,15,2019,McIntosh Woods Beach,3.54,8.871,-0.319,2.903,0.086,0.068,0.013,14.435,8.2,2721840,322712,0,0
IDNR19_01_005,1-21270001,21270001,5/22/2019,1,2019,Nine Eagles Beach,0.668,6.532,1.356,0.307,1.342,0.03,0.008,2.622,8.86,,,,
IDNR19_02_005,2-21270001,21270001,5/29/2019,2,2019,Nine Eagles Beach,0.332,6.358,1.011,0.221,1.789,-0.071,0.036,2.351,8.12,,,,
IDNR19_03_005,3-21270001,21270001,6/5/2019,3,2019,Nine Eagles Beach,0.095,8.949,5.943,0.795,0.61,0.014,0.013,2.339,8.34,,,,
IDNR19_04_005,4-21270001,21270001,6/12/2019,4,2019,Nine Eagles Beach,0.007,8.532,1.326,1.072,0.041,0.053,0.007,1.681,8.31,,,,
IDNR19_05_005,5-21270001,21270001,6/19/2019,5,2019,Nine Eagles Beach,0,7.66,0.023,0.523,0.069,0.176,0.007,0.822,8.5,,,,
IDNR19_06_005,6-21270001,21270001,6/26/2019,6,2019,Nine Eagles Beach,0.052,9.189,0.022,0.191,0.076,0.04,0.009,1.872,8.7,745601,0,0,0
IDNR19_07_005,7-21270001,21270001,7/2/2019,7,2019,Nine Eagles Beach,0.03,8.565,0.019,0.152,0.015,-0.023,0.004,0.954,9.2,293723,0,0,0
IDNR19_08_005,8-21270001,21270001,7/10/2019,8,2019,Nine Eagles Beach,0.327,8.968,-0.007,0.225,0.036,0.042,0.003,0.662,8.2,1700465,1700465,0,0
IDNR19_09_005,9-21270001,21270001,7/17/2019,9,2019,Nine Eagles Beach,1.25,8.553,-0.011,0.221,0.016,-0.009,0.002,0.452,8.34,2916547,0,0,0
IDNR19_10_005,10-21270001,21270001,7/24/2019,10,2019,Nine Eagles Beach,0,8.115,0.119,0.623,0.038,0.032,0.004,1.315,8.15,3595599,0,0,0
IDNR19_11_005,11-21270001,21270001,7/31/2019,11,2019,Nine Eagles Beach,0.023,8.242,0.085,0.737,0.014,0.016,0,1.056,8.4,1101811,0,0,0
IDNR19_12_005,12-21270001,21270001,8/7/2019,12,2019,Nine Eagles Beach,0.355,7.103,0.074,0.401,0.027,-0.001,0.002,1.087,7.54,1246760,0,0,0
IDNR19_13_005,13-21270001,21270001,8/14/2019,13,2019,Nine Eagles Beach,0.6,8.189,-0.078,0.674,0.032,0.002,0,0.905,7.9,490646,0,0,0
IDNR19_14_005,14-21270001,21270001,8/21/2019,14,2019,Nine Eagles Beach,0.052,1.931,0.249,0.332,-0.009,0.195,0.001,1.01,8.35,597585,0,0,0
IDNR19_15_005,15-21270001,21270001,8/28/2019,15,2019,Nine Eagles Beach,0.188,6.462,-0.517,0.483,0.035,0.072,0.002,2.82,7.8,1096153,0,0,0
IDNR19_01_004,1-21130002,21130002,5/21/2019,1,2019,North Twin Lake East Beach,0.445,5.605,1.044,0.258,2.966,0.208,0.014,18.614,8.6,,,,
IDNR19_02_004,2-21130002,21130002,5/28/2019,2,2019,North Twin Lake East Beach,0.347,4.271,1.074,0.178,1.765,-0.045,0.017,18.208,8.21,,,,
IDNR19_03_004,3-21130002,21130002,6/4/2019,3,2019,North Twin Lake East Beach,0.363,6.406,2.781,0.848,0.803,0.023,0.013,18.697,8.5,,,,
IDNR19_04_004,4-21130002,21130002,6/11/2019,4,2019,North Twin Lake East Beach,0.227,7.069,0.812,1.334,0.184,0.073,0.009,18.556,8,,,,
IDNR19_05_004,5-21130002,21130002,6/18/2019,5,2019,North Twin Lake East Beach,0.102,6.231,0.062,1.494,0.021,0.175,0.007,17.53,7.99,,,,
IDNR19_06_004,6-21130002,21130002,6/25/2019,6,2019,North Twin Lake East Beach,1.245,6.825,0.168,0.466,0.28,0.083,0.011,18.511,7.89,10293416,105318,0,0
IDNR19_07_004,7-21130002,21130002,7/1/2019,7,2019,North Twin Lake East Beach,0.428,7.063,0.001,0.697,0.385,0.029,0.011,17.339,7.76,2106219,113144,0,0
IDNR19_08_004,8-21130002,21130002,7/9/2019,8,2019,North Twin Lake East Beach,0.868,7.715,-0.013,1.754,0.484,0.114,0.012,17.523,8.12,389815,389815,50310,0
IDNR19_09_004,9-21130002,21130002,7/16/2019,9,2019,North Twin Lake East Beach,1.827,8.132,0.014,1.498,0.442,0.009,0.013,17.744,7.91,3372545,97313,0,0
IDNR19_10_004,10-21130002,21130002,7/23/2019,10,2019,North Twin Lake East Beach,36.15,7.904,0.692,2.871,0.345,0.059,0.019,18.265,8.12,21699101,1310565,0,0
IDNR19_11_004,11-21130002,21130002,7/30/2019,11,2019,North Twin Lake East Beach,5.915,9.331,0.225,4.353,0.199,0.048,0.015,18.43,7.8,2868321,469130,0,0
IDNR19_12_004,12-21130002,21130002,8/6/2019,12,2019,North Twin Lake East Beach,6.545,9.103,0.093,1.997,0.031,0.002,0.013,18.906,8.21,6257030,601816,0,0
IDNR19_13_004,13-21130002,21130002,8/13/2019,13,2019,North Twin Lake East Beach,5.76,9.011,0.144,1.675,0.048,0.009,0.008,18.493,8.39,1864301,0,0,0
IDNR19_14_004,14-21130002,21130002,8/20/2019,14,2019,North Twin Lake East Beach,1.043,6.176,0.088,1.629,-0.006,0.132,0.013,18.261,8.3,1110230,0,0,0
IDNR19_15_004,15-21130002,21130002,8/27/2019,15,2019,North Twin Lake East Beach,1.892,7.504,-0.386,1.629,0.047,0.039,0.014,19.634,8.55,4070990,139864,0,0
IDNR19_01_003,1-21130001,21130001,5/21/2019,1,2019,North Twin Lake West Beach,0.07,5.527,0.85,1.178,2.249,0.863,0.013,18.849,8.36,,,,
IDNR19_02_003,2-21130001,21130001,5/28/2019,2,2019,North Twin Lake West Beach,0.197,4.943,1.141,0.196,1.612,-0.135,0.018,18.5,8.18,,,,
IDNR19_03_003,3-21130001,21130001,6/4/2019,3,2019,North Twin Lake West Beach,0.315,6.007,1.186,0.783,1.543,0.009,0.015,19.327,8.6,,,,
IDNR19_04_003,4-21130001,21130001,6/11/2019,4,2019,North Twin Lake West Beach,0.093,6.65,0.819,1.297,0.179,0.065,0.009,18.262,8.04,,,,
IDNR19_05_003,5-21130001,21130001,6/18/2019,5,2019,North Twin Lake West Beach,0,6.698,0.083,1.66,0.166,0.191,0.008,18.432,7.79,,,,
IDNR19_06_003,6-21130001,21130001,6/25/2019,6,2019,North Twin Lake West Beach,0.57,6.809,0.123,0.525,0.261,0.079,0.014,18.335,7.97,12032904,107353,0,0
IDNR19_07_003,7-21130001,21130001,7/1/2019,7,2019,North Twin Lake West Beach,0.517,8.227,0.013,0.87,0.408,0.035,0.011,17.452,7.68,2510042,204926,0,0
IDNR19_08_003,8-21130001,21130001,7/9/2019,8,2019,North Twin Lake West Beach,0.51,8.317,0.044,1.539,0.374,0.123,0.017,18.034,8.2,478194,478194,15631,0
IDNR19_09_003,9-21130001,21130001,7/16/2019,9,2019,North Twin Lake West Beach,0.695,7.719,-0.008,1.45,0.426,0.016,0.016,17.428,7.86,4594107,121342,0,0
IDNR19_10_003,10-21130001,21130001,7/23/2019,10,2019,North Twin Lake West Beach,0.783,7.535,0.261,4.763,0.517,0.092,0.025,18.351,8.23,20327206,157497,0,0
IDNR19_11_003,11-21130001,21130001,7/30/2019,11,2019,North Twin Lake West Beach,1.543,8.426,0.141,4.104,0.189,0.097,0.024,18.937,8.1,6824331,311246,0,0
IDNR19_12_003,12-21130001,21130001,8/6/2019,12,2019,North Twin Lake West Beach,2.59,8.475,0.26,2.358,0.035,0.012,0.011,18.601,8.26,6875360,193415,0,0
IDNR19_13_003,13-21130001,21130001,8/13/2019,13,2019,North Twin Lake West Beach,4.335,9.322,0.169,1.82,0.031,-0.001,0.008,18.453,8.49,1748230,0,0,0
IDNR19_14_003,14-21130001,21130001,8/20/2019,14,2019,North Twin Lake West Beach,1.097,6.029,0.145,1.606,-0.008,0.088,0.014,18.471,8.5,861468,0,0,0
IDNR19_15_003,15-21130001,21130001,8/27/2019,15,2019,North Twin Lake West Beach,1.15,7.084,-0.403,1.574,0.042,0.032,0.016,19.57,8.49,3983000,220642,0,0
IDNR19_01_025,1-21300002,21300002,5/22/2019,1,2019,Pike's Point Beach,0.138,4.248,2.163,0.195,2.977,16.137,0.002,23.194,8.31,,,,
IDNR19_02_025,2-21300002,21300002,5/29/2019,2,2019,Pike's Point Beach,0.07,3.691,1.247,0.193,2.065,-0.096,0.003,22.663,8.25,,,,
IDNR19_03_025,3-21300002,21300002,6/5/2019,3,2019,Pike's Point Beach,0.165,4.603,1.424,0.496,0.065,0.035,0.004,22.197,8.6,,,,
IDNR19_04_025,4-21300002,21300002,6/12/2019,4,2019,Pike's Point Beach,0,5.291,1.11,1.191,0.037,0.062,0,22.34,8.5,,,,
IDNR19_05_025,5-21300002,21300002,6/19/2019,5,2019,Pike's Point Beach,0,5.145,0,0.523,0.061,0.157,0.003,23.512,8.19,,,,
IDNR19_06_025,6-21300002,21300002,6/26/2019,6,2019,Pike's Point Beach,0,6.125,0.068,0.209,0.049,0.015,0.001,21.542,8.24,1297633,0,0,0
IDNR19_07_025,7-21300002,21300002,7/2/2019,7,2019,Pike's Point Beach,0.348,6.277,0.112,0.564,0.036,-0.02,0.005,22.774,8.3,422454,76149,0,0
IDNR19_08_025,8-21300002,21300002,7/10/2019,8,2019,Pike's Point Beach,0.295,7.598,0.024,0.396,0.047,0.082,0.005,22.551,8.24,5092989,5092989,53205,0
IDNR19_09_025,9-21300002,21300002,7/17/2019,9,2019,Pike's Point Beach,1.115,6.804,-0.045,0.365,0.028,-0.008,0.005,22.476,8.15,2906572,107424,0,0
IDNR19_10_025,10-21300002,21300002,7/24/2019,10,2019,Pike's Point Beach,0.832,6.379,0.1,0.691,0.065,0.082,0.008,21.055,8.21,10086978,236088,0,0
IDNR19_11_025,11-21300002,21300002,7/31/2019,11,2019,Pike's Point Beach,0.157,6.087,0.025,1.115,0.02,0.07,0.002,22.355,8.14,2252980,209163,0,0
IDNR19_12_025,12-21300002,21300002,8/7/2019,12,2019,Pike's Point Beach,0.403,6.847,0.227,0.741,0.036,0.037,0.002,22.429,8.18,1200696,74509,0,0
IDNR19_13_025,13-21300002,21300002,8/14/2019,13,2019,Pike's Point Beach,2.938,6.979,0.031,0.802,0.037,0.014,-0.001,22.907,8.25,539437,0,0,0
IDNR19_14_025,14-21300002,21300002,8/21/2019,14,2019,Pike's Point Beach,0.138,5.368,0.073,0.611,-0.005,0.4,0.014,22.699,8.2,339600,0,0,0
IDNR19_15_025,15-21300002,21300002,8/28/2019,15,2019,Pike's Point Beach,0.4,5.072,-0.527,0.635,0.041,0.092,0.003,25.817,8.41,1129386,79560,0,0
IDNR19_01_009,1-21570001,21570001,5/21/2019,1,2019,Pleasant Creek Lake Beach,0.768,4.567,8.756,0.239,2.093,0.049,0.003,7.12,8.43,,,,
IDNR19_02_009,2-21570001,21570001,5/28/2019,2,2019,Pleasant Creek Lake Beach,0.242,4.152,3.348,0.225,2.292,-0.107,0.005,6.328,8.53,,,,
IDNR19_03_009,3-21570001,21570001,6/4/2019,3,2019,Pleasant Creek Lake Beach,0,5.104,1.392,0.407,0.111,-0.021,0.002,6.447,8.94,,,,
IDNR19_04_009,4-21570001,21570001,6/11/2019,4,2019,Pleasant Creek Lake Beach,0.262,5.502,1.122,1.097,0.013,0.06,0.003,6.476,8.22,,,,
IDNR19_05_009,5-21570001,21570001,6/18/2019,5,2019,Pleasant Creek Lake Beach,0,5.872,0.019,0.508,0.011,0.163,0.002,6.108,8.28,,,,
IDNR19_06_009,6-21570001,21570001,6/25/2019,6,2019,Pleasant Creek Lake Beach,0.245,7.977,0.011,0.122,0.06,0.187,0.003,6.031,8.4,15730898,0,0,0
IDNR19_07_009,7-21570001,21570001,7/1/2019,7,2019,Pleasant Creek Lake Beach,0,6.345,-0.084,0.235,0.013,-0.039,0.003,6.176,8.42,3587576,0,0,0
IDNR19_08_009,8-21570001,21570001,7/9/2019,8,2019,Pleasant Creek Lake Beach,0.213,6.855,0.014,0.436,0.053,0.038,0.003,6.498,8.3,0,0,0,0
IDNR19_09_009,9-21570001,21570001,7/16/2019,9,2019,Pleasant Creek Lake Beach,0.45,7.385,-0.007,0.423,0.024,-0.04,0.001,6.507,7.82,2989313,0,0,0
IDNR19_10_009,10-21570001,21570001,7/23/2019,10,2019,Pleasant Creek Lake Beach,0.097,6.206,0.242,0.894,0.045,0.028,0.003,6.625,9.03,6394322,0,0,0
IDNR19_11_009,11-21570001,21570001,7/30/2019,11,2019,Pleasant Creek Lake Beach,0.04,7.276,0.192,1.484,0.011,0.045,0.005,6.851,8.31,2395880,0,0,0
IDNR19_12_009,12-21570001,21570001,8/6/2019,12,2019,Pleasant Creek Lake Beach,0.375,7.593,0.096,1.104,0.006,0.028,0.003,6.808,8.11,4937357,0,0,0
IDNR19_13_009,13-21570001,21570001,8/13/2019,13,2019,Pleasant Creek Lake Beach,0.027,6.556,0.026,0.864,0.376,0.071,0,6.51,8.03,564021,0,0,0
IDNR19_14_009,14-21570001,21570001,8/20/2019,14,2019,Pleasant Creek Lake Beach,0,6.404,0.015,0.634,-0.005,0.203,0.005,6.592,7.86,448107,0,0,0
IDNR19_15_009,15-21570001,21570001,8/27/2019,15,2019,Pleasant Creek Lake Beach,0.172,5.47,-0.458,0.851,0.018,0.08,0.005,8.324,8.12,3798040,0,0,0
IDNR19_01_015,1-21830001,21830001,5/21/2019,1,2019,Prairie Rose Beach,0.043,3.663,4.301,0.235,2.475,0.239,0.015,10.232,8.55,,,,
IDNR19_02_015,2-21830001,21830001,5/28/2019,2,2019,Prairie Rose Beach,0.197,3.107,5.011,0.182,1.689,0.919,0.046,10.275,8.5,,,,
IDNR19_03_015,3-21830001,21830001,6/4/2019,3,2019,Prairie Rose Beach,0,3.703,1.4,0.501,0.099,0.278,0.014,9.969,8.77,,,,
IDNR19_04_015,4-21830001,21830001,6/11/2019,4,2019,Prairie Rose Beach,0.207,4.592,0.816,1.291,0.088,0.273,0.021,10.435,8.61,,,,
IDNR19_05_015,5-21830001,21830001,6/18/2019,5,2019,Prairie Rose Beach,0,3.673,0.038,0.674,0.094,0.357,0.019,10.462,8.6,,,,
IDNR19_06_015,6-21830001,21830001,6/25/2019,6,2019,Prairie Rose Beach,0.155,5.434,0.097,0.222,0.069,0.085,0.015,10.55,8.79,2308607,141567,0,0
IDNR19_07_015,7-21830001,21830001,7/1/2019,7,2019,Prairie Rose Beach,0,5.591,0.048,0.392,0.05,0.011,0.007,10.149,9.13,3997692,370307,0,0
IDNR19_08_015,8-21830001,21830001,7/9/2019,8,2019,Prairie Rose Beach,3.922,6.343,0.067,0.665,0.038,0.062,0.003,10.493,9.3,1192786,1192786,484964,0
IDNR19_09_015,9-21830001,21830001,7/16/2019,9,2019,Prairie Rose Beach,1.467,6.212,-0.04,0.356,0.003,-0.001,0.002,10.299,8.81,3761453,164436,0,0
IDNR19_10_015,10-21830001,21830001,7/23/2019,10,2019,Prairie Rose Beach,1.06,6.097,0.336,1.058,0.038,0.071,0.003,10.633,8.81,4217152,62800,0,0
IDNR19_11_015,11-21830001,21830001,7/30/2019,11,2019,Prairie Rose Beach,0,6.964,0.315,1.884,0.01,0.036,0.004,10.813,9.15,1566067,0,0,0
IDNR19_12_015,12-21830001,21830001,8/7/2019,12,2019,Prairie Rose Beach,0.455,7.705,0.472,1.996,0.014,0.031,0.007,10.453,9.38,1724765,89556,0,0
IDNR19_13_015,13-21830001,21830001,8/13/2019,13,2019,Prairie Rose Beach,1.445,7.163,0.061,1.334,0.025,0.018,0.001,10.53,8.91,773283,0,0,0
IDNR19_14_015,14-21830001,21830001,8/20/2019,14,2019,Prairie Rose Beach,0,3.998,-0.017,1.009,-0.003,0.097,0.004,10.277,9.07,1234507,0,0,0
IDNR19_15_015,15-21830001,21830001,8/27/2019,15,2019,Prairie Rose Beach,0.102,4.666,-0.429,0.989,0.069,0.053,0.005,10.952,8.37,2999525,58758,0,0
IDNR19_01_010,1-21590001,21590001,5/22/2019,1,2019,Red Haw Beach,0.295,5.916,0.817,0.235,3.016,0.053,0.005,7.111,8.69,,,,
IDNR19_02_010,2-21590001,21590001,5/29/2019,2,2019,Red Haw Beach,0.218,5.419,1.968,0.104,1.568,-0.079,0.016,5.768,7.91,,,,
IDNR19_03_010,3-21590001,21590001,6/5/2019,3,2019,Red Haw Beach,0.01,7.657,2.384,0.534,0.141,-0.004,0.007,5.18,7.55,,,,
IDNR19_04_010,4-21590001,21590001,6/12/2019,4,2019,Red Haw Beach,0.038,8.001,0.977,1.049,0.038,0.093,0.003,4.966,8.46,,,,
IDNR19_05_010,5-21590001,21590001,6/19/2019,5,2019,Red Haw Beach,0,7.283,0.037,0.92,0.034,0.186,0.006,4.738,8.72,,,,
IDNR19_06_010,6-21590001,21590001,6/26/2019,6,2019,Red Haw Beach,0.403,8.447,0.051,0.313,0.043,0.047,0.001,4.986,8.7,3124773,0,0,0
IDNR19_07_010,7-21590001,21590001,7/2/2019,7,2019,Red Haw Beach,0,8.138,0.018,3.01,0.018,0.011,0.004,4.577,7.9,0,0,0,0
IDNR19_08_010,8-21590001,21590001,7/10/2019,8,2019,Red Haw Beach,0.095,9.538,0.22,1.097,0.193,0.451,0.05,5.461,8.36,3145037,3145037,0,0
IDNR19_09_010,9-21590001,21590001,7/17/2019,9,2019,Red Haw Beach,1.023,10.13,-0.036,0.619,0.085,0.075,0.004,4.524,8.6,2035127,0,0,0
IDNR19_10_010,10-21590001,21590001,7/24/2019,10,2019,Red Haw Beach,0,9.352,0.166,1.249,0.127,0.086,0.006,5.044,8,3867276,0,0,0
IDNR19_11_010,11-21590001,21590001,7/31/2019,11,2019,Red Haw Beach,0.035,8.49,0.081,1.131,0.044,0.084,0.001,4.753,7.88,1812949,0,0,0
IDNR19_12_010,12-21590001,21590001,8/7/2019,12,2019,Red Haw Beach,0.412,9.217,-0.014,0.892,0.021,0.037,0.004,4.817,8.27,2454280,0,0,0
IDNR19_13_010,13-21590001,21590001,8/14/2019,13,2019,Red Haw Beach,0,8.432,0.062,1.174,0.158,0.058,0.002,4.716,7.9,490292,0,0,0
IDNR19_14_010,14-21590001,21590001,8/21/2019,14,2019,Red Haw Beach,0,6.491,0.105,0.871,-0.001,0.153,0.006,4.928,7.59,290231,0,0,0
IDNR19_15_010,15-21590001,21590001,8/28/2019,15,2019,Red Haw Beach,0,6.999,-0.503,0.521,0.025,0.11,0.005,8.802,7.8,3873588,0,0,0
IDNR19_01_031,1-21500001,21500001,5/21/2019,1,2019,Rock Creek Beach,0.068,3.545,2.332,0.375,2.477,1.109,0.042,9.967,8.72,,,,
IDNR19_02_031,2-21500001,21500001,5/28/2019,2,2019,Rock Creek Beach,0.195,2.611,2.177,0.079,1.721,2.546,0.069,9.543,8.41,,,,
IDNR19_03_031,3-21500001,21500001,6/4/2019,3,2019,Rock Creek Beach,0.018,3.349,1.101,0.579,0.155,4.373,0.08,9.994,8.48,,,,
IDNR19_04_031,4-21500001,21500001,6/11/2019,4,2019,Rock Creek Beach,0.168,3.717,0.745,1.23,0.099,3.377,0.113,10.634,8.16,,,,
IDNR19_05_031,5-21500001,21500001,6/18/2019,5,2019,Rock Creek Beach,0,3.744,0.13,1.191,0.084,3.169,0.145,10.702,8.54,,,,
IDNR19_06_031,6-21500001,21500001,6/25/2019,6,2019,Rock Creek Beach,0.265,4.753,0.177,0.346,0.18,1.672,0.161,10.698,8.4,1591174,0,0,0
IDNR19_07_031,7-21500001,21500001,7/1/2019,7,2019,Rock Creek Beach,0,4.189,0.009,0.439,0.202,1.7,0.131,10.448,8.3,0,0,0,0
IDNR19_08_031,8-21500001,21500001,7/9/2019,8,2019,Rock Creek Beach,0.72,5.254,0.099,0.822,0.081,1.688,0.124,11.313,8.32,0,0,11874,0
IDNR19_09_031,9-21500001,21500001,7/16/2019,9,2019,Rock Creek Beach,0.995,5.097,0.061,1.17,0.12,0.732,0.105,10.723,8.1,4359069,42736,0,0
IDNR19_10_031,10-21500001,21500001,7/23/2019,10,2019,Rock Creek Beach,0.19,4.482,0.406,1.868,0.122,0.762,0.096,12.05,8.2,27437308,152294,0,0
IDNR19_11_031,11-21500001,21500001,7/30/2019,11,2019,Rock Creek Beach,0.188,5.61,0.276,2.656,0.075,0.457,0.078,11.511,8.19,7221757,396235,0,0
IDNR19_12_031,12-21500001,21500001,8/6/2019,12,2019,Rock Creek Beach,0.412,5.697,0.17,1.78,0.216,0.225,0.049,11.817,7.98,2939182,0,0,0
IDNR19_13_031,13-21500001,21500001,8/13/2019,13,2019,Rock Creek Beach,0.235,5.288,0.152,2.256,0.255,0.069,0.027,12.417,7.9,1273417,0,0,0
IDNR19_14_031,14-21500001,21500001,8/20/2019,14,2019,Rock Creek Beach,0.123,6.618,-0.037,1.198,0.251,0.46,0.04,11.357,7.91,1733999,0,0,0
IDNR19_15_031,15-21500001,21500001,8/27/2019,15,2019,Rock Creek Beach,0.358,1.923,-0.301,1.779,0.241,0.405,0.039,11.952,8.7,4837506,0,0,0
IDNR19_01_007,1-21390001,21390001,5/21/2019,1,2019,Springbrook Beach,0.5,3.263,1.847,0.386,2.305,1.721,0.039,6.711,7.9,,,,
IDNR19_02_007,2-21390001,21390001,5/28/2019,2,2019,Springbrook Beach,0.132,3.083,1.575,0.157,1.737,3.7,0.067,7.137,8.4,,,,
IDNR19_03_007,3-21390001,21390001,6/4/2019,3,2019,Springbrook Beach,0,3.233,1.482,0.473,0.366,5.744,0.094,8.138,8.61,,,,
IDNR19_04_007,4-21390001,21390001,6/11/2019,4,2019,Springbrook Beach,0.132,3.526,0.759,1.097,0.113,3.38,0.084,8.348,8.54,,,,
IDNR19_05_007,5-21390001,21390001,6/18/2019,5,2019,Springbrook Beach,0,3.477,0.039,0.654,0.549,2.984,0.08,8.023,8.5,,,,
IDNR19_06_007,6-21390001,21390001,6/25/2019,6,2019,Springbrook Beach,0.043,4.496,0.182,0.261,0.045,1.645,0.076,8.019,8.67,5971194,0,0,0
IDNR19_07_007,7-21390001,21390001,7/1/2019,7,2019,Springbrook Beach,0.058,4.879,-0.059,0.49,0.053,1.598,0.07,7.888,8.96,4141440,0,0,0
IDNR19_08_007,8-21390001,21390001,7/9/2019,8,2019,Springbrook Beach,0.11,5.644,0.006,0.828,0.064,1.12,0.058,8.279,8.6,1882290,1882290,0,0
IDNR19_09_007,9-21390001,21390001,7/16/2019,9,2019,Springbrook Beach,1.332,7.147,0.005,1.012,0.057,0.847,0.053,8.101,8.71,3253917,0,0,0
IDNR19_10_007,10-21390001,21390001,7/23/2019,10,2019,Springbrook Beach,0.105,5.296,0.204,1.658,0.045,0.753,0.093,8.155,8.61,4246336,0,0,0
IDNR19_11_007,11-21390001,21390001,7/30/2019,11,2019,Springbrook Beach,0,6.617,0.201,2.363,0.018,0.49,0.063,8.116,8.67,1064702,0,0,0
IDNR19_12_007,12-21390001,21390001,8/7/2019,12,2019,Springbrook Beach,0.445,6.822,0.051,1.697,0.03,0.293,0.05,7.923,8.65,2007846,0,0,0
IDNR19_13_007,13-21390001,21390001,8/13/2019,13,2019,Springbrook Beach,0.555,6.149,0.04,1.272,0.025,0.087,0.04,7.516,8.79,686902,0,0,0
IDNR19_14_007,14-21390001,21390001,8/20/2019,14,2019,Springbrook Beach,0.142,3.831,0.069,1.004,0.048,0.424,0.064,7.102,8.26,1266815,0,0,0
IDNR19_15_007,15-21390001,21390001,8/27/2019,15,2019,Springbrook Beach,0.803,2.48,-0.472,0.674,0.062,0.341,0.079,7.036,8.1,4089658,58813,40872,0
IDNR19_01_026,1-21300003,21300003,5/22/2019,1,2019,Triboji Beach,0.77,4.845,2.302,0.32,3.206,29.782,0.004,23.615,8.31,,,,
IDNR19_02_026,2-21300003,21300003,5/29/2019,2,2019,Triboji Beach,0.093,3.332,4.036,0.242,2.15,0.766,0.03,22.318,7.81,,,,
IDNR19_03_026,3-21300003,21300003,6/5/2019,3,2019,Triboji Beach,0.705,5.33,1.482,0.471,0.073,0.08,0.01,21.628,8.6,,,,
IDNR19_04_026,4-21300003,21300003,6/12/2019,4,2019,Triboji Beach,0.065,5.598,1.143,1.204,0.055,0.106,0.01,23.133,8.5,,,,
IDNR19_05_026,5-21300003,21300003,6/19/2019,5,2019,Triboji Beach,0,5.365,0.038,0.634,0.028,0.246,0.008,23.181,8.61,,,,
IDNR19_06_026,6-21300003,21300003,6/26/2019,6,2019,Triboji Beach,0.438,6.918,0.065,0.158,0.053,-0.014,0.002,25.375,8.39,2124203,144057,0,0
IDNR19_07_026,7-21300003,21300003,7/2/2019,7,2019,Triboji Beach,0,6.62,0.014,0.441,0.035,-0.006,0.008,22.851,8.11,452467,16026,0,0
IDNR19_08_026,8-21300003,21300003,7/10/2019,8,2019,Triboji Beach,0.455,7.171,-0.011,0.521,0.069,0.159,0.013,22.666,8.15,5000567,5000567,0,0
IDNR19_09_026,9-21300003,21300003,7/17/2019,9,2019,Triboji Beach,1.342,6.57,-0.044,0.607,0.226,0.058,0.009,21.666,8.19,4056313,161447,0,0
IDNR19_10_026,10-21300003,21300003,7/24/2019,10,2019,Triboji Beach,0.142,6.652,0.295,0.774,0.058,0.074,0.012,22.054,8.35,13544368,177327,0,0
IDNR19_11_026,11-21300003,21300003,7/31/2019,11,2019,Triboji Beach,0.15,7.585,0.181,1.383,0.015,0.068,0.001,23.226,8.1,10474676,761646,0,0
IDNR19_12_026,12-21300003,21300003,8/7/2019,12,2019,Triboji Beach,1.235,6.295,0.08,0.833,0.044,0.039,0.002,23.057,8.2,3033694,363739,0,0
IDNR19_13_026,13-21300003,21300003,8/14/2019,13,2019,Triboji Beach,0.308,6.744,-0.023,0.751,0.065,0.01,0.004,23.597,8.01,397752,0,0,0
IDNR19_14_026,14-21300003,21300003,8/21/2019,14,2019,Triboji Beach,0.243,5.141,0.04,0.608,-0.003,0.424,0.016,22.736,8.3,521378,0,0,0
IDNR19_15_026,15-21300003,21300003,8/28/2019,15,2019,Triboji Beach,0.587,2.337,-0.502,0.494,0.034,0.079,0.004,25.578,8.35,1502385,0,0,0
IDNR19_01_016,1-21860001,21860001,5/21/2019,1,2019,Union Grove Beach,0.063,2.765,4.452,0.291,2.226,2.017,0.033,11.243,8.6,,,,
IDNR19_02_016,2-21860001,21860001,5/28/2019,2,2019,Union Grove Beach,0.125,2.764,5.816,0.185,1.71,3.773,0.089,9.223,7.76,,,,
IDNR19_03_016,3-21860001,21860001,6/4/2019,3,2019,Union Grove Beach,0,2.827,1.235,0.553,0.158,5.784,0.073,10.523,8.36,,,,
IDNR19_04_016,4-21860001,21860001,6/11/2019,4,2019,Union Grove Beach,0.02,3.84,0.287,0.447,0.032,4.546,0.075,10.657,8.69,,,,
IDNR19_05_016,5-21860001,21860001,6/18/2019,5,2019,Union Grove Beach,0,3.771,0.074,0.683,0.013,4.16,0.085,10.766,7.78,,,,
IDNR19_06_016,6-21860001,21860001,6/25/2019,6,2019,Union Grove Beach,0.305,4.55,0.21,0.271,0.249,7.372,0.095,11.351,8.02,2123415,0,0,0
IDNR19_07_016,7-21860001,21860001,7/1/2019,7,2019,Union Grove Beach,0,4.264,-0.05,0.471,0.032,3.85,0.102,10.966,8.21,1871300,0,0,0
IDNR19_08_016,8-21860001,21860001,7/9/2019,8,2019,Union Grove Beach,0.065,4.911,0.067,1.41,0.054,3.063,0.114,11.644,8.41,534410,534410,0,0
IDNR19_09_016,9-21860001,21860001,7/16/2019,9,2019,Union Grove Beach,2.442,5.032,-0.023,1.011,0.137,2.446,0.116,11.982,7.92,5249319,0,0,0
IDNR19_10_016,10-21860001,21860001,7/23/2019,10,2019,Union Grove Beach,0.282,4.85,0.299,1.562,0.046,1.305,0.118,12.478,8.32,9291649,0,0,0
IDNR19_11_016,11-21860001,21860001,7/30/2019,11,2019,Union Grove Beach,0.5,5.985,0.308,2.699,0.035,1.072,0.107,12.075,8.5,1258385,0,0,0
IDNR19_12_016,12-21860001,21860001,8/6/2019,12,2019,Union Grove Beach,14.75,6.5,0.213,2.658,0.037,0.538,0.083,12.592,9.12,6792166,810611,0,0
IDNR19_13_016,13-21860001,21860001,8/13/2019,13,2019,Union Grove Beach,18.905,6.903,0.181,2.786,0.127,0.128,0.011,12.4,8.52,800431,0,0,0
IDNR19_14_016,14-21860001,21860001,8/20/2019,14,2019,Union Grove Beach,0,5.802,0.34,2.316,0.019,0.418,0.026,12.27,8.19,1318051,0,0,0
IDNR19_15_016,15-21860001,21860001,8/27/2019,15,2019,Union Grove Beach,0.14,4.201,-0.277,2.773,0.123,0.076,0.015,14.526,8.18,2552207,53759,0,0
IDNR19_01_033,1-21690001,21690001,5/22/2019,1,2019,Viking Lake Beach,0.577,5.645,1.361,0.167,1.971,0,0.013,9.619,8.7,,,,
IDNR19_02_033,2-21690001,21690001,5/29/2019,2,2019,Viking Lake Beach,0.057,4.073,1.231,1.222,1.715,0.009,0.024,7.177,8.09,,,,
IDNR19_03_033,3-21690001,21690001,6/5/2019,3,2019,Viking Lake Beach,0,5.86,2.612,0.572,0.094,0.052,0.01,7.046,9.1,,,,
IDNR19_04_033,4-21690001,21690001,6/12/2019,4,2019,Viking Lake Beach,0.398,7.393,1.166,1.348,0.028,0.066,0.003,6.965,9.28,,,,
IDNR19_05_033,5-21690001,21690001,6/19/2019,5,2019,Viking Lake Beach,0.23,7.259,0.049,0.952,0.358,0.184,0.004,6.477,9,,,,
IDNR19_06_033,6-21690001,21690001,6/26/2019,6,2019,Viking Lake Beach,0.605,7.805,0.124,0.338,0.072,-0.018,0.003,6.751,9.05,1702954,126765,0,0
IDNR19_07_033,7-21690001,21690001,7/2/2019,7,2019,Viking Lake Beach,0.085,7.07,0.052,0.425,0.014,-0.033,0.005,6.768,9.68,278949,25929,0,0
IDNR19_08_033,8-21690001,21690001,7/10/2019,8,2019,Viking Lake Beach,0.6,8.283,0.063,0.856,0.059,0.086,0.006,6.961,8.9,1706780,1706780,51651,0
IDNR19_09_033,9-21690001,21690001,7/17/2019,9,2019,Viking Lake Beach,1.257,7.59,-0.041,0.699,0.047,0.011,0.005,6.997,8.71,2517950,74181,0,0
IDNR19_10_033,10-21690001,21690001,7/24/2019,10,2019,Viking Lake Beach,,,,,,,,,,,,,
IDNR19_11_033,11-21690001,21690001,7/31/2019,11,2019,Viking Lake Beach,,,,,,,,,,,,,
IDNR19_12_033,12-21690001,21690001,8/7/2019,12,2019,Viking Lake Beach,,,,,,,,,,,,,
IDNR19_13_033,13-21690001,21690001,8/14/2019,13,2019,Viking Lake Beach,,,,,,,,,,,,,
IDNR19_14_033,14-21690001,21690001,8/21/2019,14,2019,Viking Lake Beach,,,,,,,,,    ,,,,
IDNR19_15_033,15-21690001,21690001,8/28/2019,15,2019,Viking Lake Beach,,,,,,,,,,,,,
